id,raw_no,lang,category,venue,event_name,period_raw,host_organizer,start_date,end_date
1,1,국문,전시일정,제1전시장 3홀,2020 30회 부산유아교육용품전,20200130 1000~20200202 1800,(주)블루케이,2020-01-30,2020-02-02
2,2,국문,전시일정,제1전시장 3A홀,2020 BWC부산웨딩박람회,20200207 1000~20200209 1900,주식회사 비더블류씨,2020-02-07,2020-02-09
3,3,국문,전시일정,"제 2전시장 4(E,F)홀",2020 KNN 웨딩박람회,20200515 1100~20200517 1900,더리본 주식회사,2020-05-15,2020-05-17
4,4,국문,전시일정,제 1전시장 2A홀,2020부산홈리빙&생활용품전시회,20200521 1000~20200524 1800,(주)메세코리아,2020-05-21,2020-05-24
5,5,국문,전시일정,제 1전시장 1홀,2020 부산베이비페어,20200521 1000~20200524 1800,(주)메세코리아,2020-05-21,2020-05-24
6,6,국문,전시일정,제 1전시장 1홀,2020 코리아캠핑카쇼,20200528 1000~20200531 1800,한국레저자동차산업협회 / 벡스코,2020-05-28,2020-05-31
7,7,국문,전시일정,"제 2전시장 4(A,B)홀",2020 더골프쇼 in 부산 Spring,20200528 1000~20200531 1800,(주)이엑스스포테인먼트,2020-05-28,2020-05-31
8,8,국문,전시일정,제 1전시장 3A홀,제27회 2020부산창업박람회,20200528 1000~20200530 0000,선인커뮤니티(주),2020-05-28,2020-05-30
9,9,국문,전시일정,제 1전시장 3B홀,농특산품 및 우수중소기업 상품박람회,20200529 1000~20200602 1800,새벽을 여는 사람들,2020-05-29,2020-06-02
10,10,국문,전시일정,제 1전시장 2홀,2020 대한민국펫산업박람회 (케이펫페어부산),20200529 1000~20200531 1800,"(사)한국펫사료협회 / ㈜메쎄이상 ",2020-05-29,2020-05-31
11,11,국문,전시일정,제 2전시장 5(B-E)홀,상상체험+레이싱 키즈월드 시즌4,20200605 0000~20200819 1800,주식회사 제이투비,2020-06-05,2020-08-19
12,12,국문,전시일정,제1전시장 2B홀,2020 부산건축박람회,20200612 1000~20200614 1800,(주)동아전람,2020-06-12,2020-06-14
13,13,국문,전시일정,제1전시장 3A홀,2020 부산문구·완구및사무용품·기프트쇼,20200612 1000~20200614 1800,(주)동아전람,2020-06-12,2020-06-14
14,14,국문,전시일정,제1전시장 3B홀,2020 부산스포츠·레저산업박람회,20200612 1000~20200614 1800,(주)동아전람,2020-06-12,2020-06-14
15,15,국문,전시일정,제1전시장 1홀,2020 제27회 국제식품대전,20200617 1000~20200620 1700,"부산광역시,한국보건산업진흥원,한국식품관리인증원,(사)한국외식산업협회,Qingdao Qishenglong Business Co., Ltd.,한국산업마케팅연구원",2020-06-17,2020-06-20
16,16,국문,전시일정,제1전시장 2홀,제10회 부산커피쇼,20200617 1000~20200620 1700,"(사)한국커피연합회, 한국산업마케팅연구원",2020-06-17,2020-06-20
17,17,국문,전시일정,제 1전시장 3A홀,2020 부산국제차공예박람회,20200618 1000~20200621 1800,(주)메세코리아,2020-06-18,2020-06-21
18,18,국문,전시일정,제 2전시장 4F홀,2020 제46회 대한민국웨딩산업박람회,20200622 1000~20200622 1800,(사)한국웨딩산업인협회(이노웨딩),2020-06-22,2020-06-22
19,19,국문,전시일정,제1전시장 1홀,2020 부산브랜드페스타 X 대한민국동행세일,20200626 1000~20200628 1800,"부산광역시, 부산CBS / 벡스코, 부산경제진흥원",2020-06-26,2020-06-28
20,20,국문,전시일정,제 2전시장 4F홀,BWC부산웨딩박람회,20200626 0000~20200628 0000,주식회사 비더블류씨,2020-06-26,2020-06-28
21,21,국문,전시일정,제 1전시장 3B홀,오즈: 오버 더 레인보우,20200701 1000~20200819 0000,에이비에이코리아(주) / KNN,2020-07-01,2020-08-19
22,22,국문,전시일정,"제 2전시장 4(D,E,F)홀 ",2020 SBS골프 대한민국 골프대전,20200702 1000~20200705 1800,SBS골프 / 코어엑스포,2020-07-02,2020-07-05
23,23,국문,전시일정,제1전시장 1홀,2020 제6회 대한민국 대표 특산물 직거래 박람회,20200702 1000~20200705 0000,"대한민국 대표 특산물 직거래 박람회 조직위원회, 전국 각 지역 대표 신문사 / 대한민국 대표 특산물 직거래 박람회 사무국, ㈜한국전시산업원",2020-07-02,2020-07-05
24,24,국문,전시일정,제 1전시장 1홀,제2회 대한민국 의회·행정 박람회,20200709 1000~20200711 0000,대한민국 의회·행정 박람회 조직위원회 / (주)한국전시산업원,2020-07-09,2020-07-11
25,25,국문,전시일정,제1전시장 2홀,K-핸드메이드&일러스트레이션페어부산 2020,20200710 1100~20200712 1900,"(주)한국국제전시, 전시주최행사대행사업협동조합",2020-07-10,2020-07-12
26,26,국문,전시일정,제 1전시장 2홀,2020 부산국제원자력산업전(INEK 2020),20200716 1000~20200718 1700,(사) 한국원자력산업회의 / 벡스코,2020-07-16,2020-07-18
27,27,국문,전시일정,제1전시장 1홀,2020 코리아어트랙션페어,20200716 1000~20200719 1800,㈜ 제이엠컴퍼니,2020-07-16,2020-07-19
28,28,국문,전시일정,제 1전시장 3A홀,2020 부산 반려동물 박람회,20200717 1000~20200719 1800,"(주)메세코리아 ",2020-07-17,2020-07-19
29,29,국문,전시일정,제 1전시장 2홀,2020 부산 홈·테이블데코페어,20200723 1000~20200726 1800,"리드케이훼어스(유), 까사리빙",2020-07-23,2020-07-26
30,30,국문,전시일정,제1전시장 3A홀,제16회 부산카페쇼,20200723 1000~20200726 1800,(주)블루케이,2020-07-23,2020-07-26
31,31,국문,전시일정,제 1전시장 3A홀,2020 퍼스널 모빌리티쇼,20200807 1000~20200809 1800,"주식회사 포유커뮤니케이션즈, 벡스코",2020-08-07,2020-08-09
32,32,국문,전시일정,제 1전시장 3A홀,2020 부산욜로라이프페어,20200814 1000~20200816 1800,(주)마루컨벤션,2020-08-14,2020-08-16
33,33,국문,전시일정,"제1전시장 1,2홀",2020 BAMA 부산국제화랑아트페어,20200814 1100~20200816 0000,사단법인 부산화랑협회,2020-08-14,2020-08-16
34,34,국문,전시일정,제1전시장 2B홀,2020 부산네일엑스포,20201012 0900~20201012 1800,"케이엠티홀딩스, 한국네일협회 / Nailpia",2020-10-12,2020-10-12
35,35,국문,전시일정,제1전시장 2홀,2020 부산코리아빌드,20201015 1000~20201018 1800,"(주)메쎄이상 ",2020-10-15,2020-10-18
36,36,국문,전시일정,제1전시장 2홀,2020 부산리빙앤라이프스타일,20201015 1000~20201018 1800,(주)메쎄이상,2020-10-15,2020-10-18
37,37,국문,전시일정,제1전시장 3B홀,2020 제28회 부산창업박람회,20201015 1000~20201017 0000,선인커뮤니티 주식회사,2020-10-15,2020-10-17
38,38,국문,전시일정,"제2전시장 4(B,C)홀",2020 제9회 BFAA 국제아트페어,20201016 1000~20201019 1900,사단법인 부산미술협회,2020-10-16,2020-10-19
39,39,국문,전시일정,제1전시장 1홀,2020 캠핑카&레저페스티벌,20201016 1000~20201018 1800,벡스코 / 한국레저자동차산업협회,2020-10-16,2020-10-18
40,40,국문,전시일정,제2전시장 4A홀,2020 제9회 BFAA 국제아트페어 - 제40회 부산미술제,20201016 1000~20201019 1900,사단법인 부산미술협회,2020-10-16,2020-10-19
41,41,국문,전시일정,제 2전시장 4F홀,2020 부산MBC웨딩박람회 in 벡스코,20201016 1100~20201018 2000,부산문화방송(주),2020-10-16,2020-10-18
42,42,국문,전시일정,제1전시장 2A홀,부산일러스트레이션페어 vol.1,20201022 1000~20201025 1800,"오씨메이커스, 벡스코",2020-10-22,2020-10-25
43,43,국문,전시일정,제1전시장 3A홀,2020 부산펫쇼,20201023 1000~20201025 1800,KNN / 미래전람,2020-10-23,2020-10-25
44,44,국문,전시일정,제 2전시장 4홀 전관,2020 부산 의료기기 전시회(KIMES BUSAN 2020),20201023 1000~20201025 1800,"한국이앤엑스, 한국의료기기공업협동조합, 한국의료기기산업협회, KNN",2020-10-23,2020-10-25
45,45,국문,전시일정,제1전시장 2B홀,코로나19극복 우수 중소기업 상품 및 농특산품 선물 박람회,20201023 1000~20201027 1800,새벽을여는사람들,2020-10-23,2020-10-27
46,46,국문,전시일정,제1전시장 3홀,2020 패패부산,20201029 1000~20201101 1700,"부산광역시 / 벡스코, 부산경제진흥원 신발산업진흥센터, 한국산업용섬유협회, 부산섬유패션산업연합회, 부산패션섬유사업협동조합",2020-10-29,2020-11-01
47,47,국문,전시일정,"제 1전시장 2,3홀",2020 부산국제수산EXPO(BISFE 2020),20201105 1000~20201107 1700,"부산광역시 / 벡스코, 한국수산무역협회, 수협중앙회",2020-11-05,2020-11-07
48,48,국문,전시일정,제 2전시장 4홀 전관,아트부산 & 디자인 2020,20201105 1000~20201108 2000,(사)아트쇼부산,2020-11-05,2020-11-08
49,49,국문,전시일정,옥외전시장,2020 통영수산식품대전,20201105 1000~20201108 1800,통영시 / KNN,2020-11-05,2020-11-08
50,50,국문,전시일정,"제1전시장 2B, 3홀",2020 국제환경에너지산업전(동시개최 : 2020 베트남 환경에너지산업전),20201111 1000~20201113 1700,"부산광역시, 국제신문 / 벡스코, 투데이에너지, 코트라",2020-11-11,2020-11-13
51,51,국문,전시일정,제2전시장 4F홀,BWC부산웨딩박람회,20201113 0000~20201115 0000,주식회사 비더블류씨,2020-11-13,2020-11-15
52,52,국문,전시일정,제2전시장 4홀,당근마켓과 함께하는 2020 어느 아름다운 날 X 항공여행마켓,20201114 1100~20201114 1700,"벡스코 / 부산광역시, 한국공항공사",2020-11-14,2020-11-14
53,53,국문,전시일정,제 2전시장 4(D-F)홀,2020 부산·울산·경남 스마트팩토리 컨퍼런스 & 엑스포,20201118 1000~20201120 1700,"한국스마트팩토리CEO협의회 주관 / 스마트제조혁신추진단, 중소기업중앙회, 부산테크노파크, 울산테크노파크, 경남테크노파크, INDUSTRY NEWS, 월간 FA저널 SMART FACTORY",2020-11-18,2020-11-20
54,54,국문,전시일정,"제 1전시장 1,2홀",국제게임전시회 지스타 2020,20201119 0900~20201122 1800,"(사)한국게임산업협회 / 지스타조직위원회,(재)부산정보산업진흥원",2020-11-19,2020-11-22
55,55,국문,전시일정,제2전시장 5A홀,2020 초량베스티움 센트럴베이 yes! 입주홈페어,20201120 1000~20201122 1800,초량베스티움 센트럴베이 입주 예정자 협의회 / (주)예스스마트기획,2020-11-20,2020-11-22
56,56,국문,전시일정,제 2전시장 4A홀,제2회 지오 엑스포 부산 · 과학 체험전,20201121 0900~20201122 1700,지구탐험대,2020-11-21,2020-11-22
57,57,국문,전시일정,제1전시장 2A홀,2020 부산국제식품박람회,20201126 1000~20201129 1800,"(주)메세코리아 ",2020-11-26,2020-11-29
58,58,국문,전시일정,제1전시장 2B홀,2020 부산유기농·친환경·귀농귀촌 박람회,20201126 1000~20201129 1800,"(주)메세코리아 ",2020-11-26,2020-11-29
59,59,국문,전시일정,제1전시장 3A홀,2020 부산홈리빙&생활용품전시회,20201126 1000~20201129 1800,(주)메세코리아,2020-11-26,2020-11-29
60,60,국문,전시일정,제 1전시장 3B홀,2020 부산국제 차·공예박람회,20201126 1000~20201129 1800,(주)메세코리아,2020-11-26,2020-11-29
61,61,국문,전시일정,컨벤션홀 전체,"2020 국제 해양플랜트전시회 ",20201201 1000~20201203 1700,"산업통상자원부, 해양수산부, 부산광역시 / 부산조선해양기자재공업협동조합, BEXCO, (주)경연전람, 코트라, 조선해양플랜트협회, 키멕스",2020-12-01,2020-12-03
62,62,국문,전시일정,제2전시장 4(C-F)홀,2020 부산국제아트페어,20201203 1000~20201207 1900,사단법인 케이아트국제교류협회,2020-12-03,2020-12-07
63,63,국문,전시일정,제 1전시장 2A홀,2020  부산 핸드메이드페어 원터,20201204 0000~20201206 0000,(주)마루컨벤션,2020-12-04,2020-12-06
64,64,국문,전시일정,스튜디오,2020 한국선박관리포럼,20201210 0900~20201210 1700,리컨벤션,2020-12-10,2020-12-10
65,65,국문,전시일정,제1전시장 3B홀 (행사는 전면 온라인),"2020 제16회 대한민국 온라인 청소년박람회 ",20201210 0900~20201212 1800,"부산광역시, 여성가족부 / 부산광역시청소년활동진흥센터, 한국청소년활동진흥원",2020-12-10,2020-12-12
66,66,국문,전시일정,제1전시장 2B홀,2021 설맞이 우수중소기업 농·특산품 선물박람회,20210129 1000~20210202 1800,새벽을 여는 사람들,2021-01-29,2021-02-02
67,67,국문,전시일정,제2전시장 4A홀,2021 BWC부산웨딩박람회,20210129 1100~20210131 2000,주식회사 비더블류씨,2021-01-29,2021-01-31
68,68,국문,전시일정,제1전시장 3A홀,2021 제일창업박람회 in 부산,20210225 1000~20210227 1700,제일창업경제신문 / (주)제일좋은전람,2021-02-25,2021-02-27
69,69,국문,전시일정,제2전시장 4F홀,2021 BWC부산웨딩박람회,20210226 1100~20210228 2000,주식회사 비더블류씨,2021-02-26,2021-02-28
70,70,국문,전시일정,제1전시장 2A홀,2021 부산건축인테리어전시회,20210311 1000~20210314 1800,(주)메세코리아,2021-03-11,2021-03-14
71,71,국문,전시일정,제1전시장 1홀,2021 부산베이비페어,20210311 1000~20210314 1800,(주)메세코리아,2021-03-11,2021-03-14
72,72,국문,전시일정,제1전시장 2B홀,2021 부산푸드페어,20210311 1000~20210314 1800,(주)메세코리아,2021-03-11,2021-03-14
73,73,국문,전시일정,제1전시장 1홀,2021 제16회 궁디팡팡 캣페스타 부산,20210319 1000~20210321 1800,주식회사 캣페스타,2021-03-19,2021-03-21
74,74,국문,전시일정,제1전시장 2A홀,2021 부산 국제 차문화 산업전,20210326 0930~20210329 1830,"한국차문화산업협동조합 / 한국차문화산업협동조합, 감로 Tea&Tools Expo",2021-03-26,2021-03-29
75,75,국문,전시일정,제2전시장 4F홀,부산결혼&출산장려협회 부산웨딩박람회 in 벡스코,20210326 1000~20210328 2000,부산결혼&출산장려협회 (비영리법인),2021-03-26,2021-03-28
76,76,국문,전시일정,제1전시장 3A홀,제15회 더골프쇼 in 부산 Spring,20210401 1000~20210404 1800,㈜이엑스스포테인먼트 / 골프유닷넷,2021-04-01,2021-04-04
77,77,국문,전시일정,제1전시장 1홀,2021 제17회 부산카페쇼,20210408 1000~20210411 1800,블루케이,2021-04-08,2021-04-11
78,78,국문,전시일정,"제1전시장 2,3홀","2021 BAMA 부산국제화랑아트페어 ",20210409 1100~20210411 1900,사단법인 부산화랑협회,2021-04-09,2021-04-11
79,79,국문,전시일정,제2전시장 1층 4A홀,2021 부산 에듀테크전시회,20210415 1000~20210417 1800,사단법인 스마트교육학회 /㈜해솔교연,2021-04-15,2021-04-17
80,80,국문,전시일정,제1전시장 2B홀,"2021 부산홈리빙&생활용품전시회 ",20210415 1000~20210418 1800,㈜메세코리아,2021-04-15,2021-04-18
81,81,국문,전시일정,제1전시장 1홀,2021 제29회 부산창업박람회,20210422 1000~20210424 1700,선인커뮤니티 주식회사,2021-04-22,2021-04-24
82,82,국문,전시일정,제2전시장 4(A-D)홀,2021 케이펫페어 부산(대한민국펫산업박람회),20210423 1000~20210425 1800,"(사)한국펫사료협회, (주)메쎄이상 /  (주)메쎄이상 ",2021-04-23,2021-04-25
83,83,국문,전시일정,"제1전시장 2,3홀",2021 부산국제보트쇼,20210423 1000~20210425 1800,"해양수산부, 부산광역시 / 한국해양레저네트워크, 벡스코",2021-04-23,2021-04-25
84,84,국문,전시일정,"제1전시장 3홀 ",2021 제27회 부산 드림베이비페어,20210429 1000~20210502 1800,"드림코리아 ",2021-04-29,2021-05-02
85,85,국문,전시일정,"제1전시장 1,2홀",2021 드론쇼코리아 Drone Show Korea,20210429 1000~20210501 1800,"산업통상자원부, 과학기술정보통신부, 국토교통부, 부산광역시 / 벡스코, 한국무인기시스템협회",2021-04-29,2021-05-01
86,86,국문,전시일정,제2전시장 4F홀,2021 BWC 부산웨딩박람회,20210507 1100~20210509 1900,주식회사 비더블류씨,2021-05-07,2021-05-09
87,87,국문,전시일정,"제1전시장 1,2홀",아트부산 2021,20210514 0000~20210516 0000,(사)아트쇼부산,2021-05-14,2021-05-16
88,88,국문,전시일정,"제1전시장 1,2,3A홀",2021 제10회 부산국제기계대전,20210526 0000~20210529 0000,"부산광역시, 부산기계공업협동조합 / 한국산업마케팅연구원",2021-05-26,2021-05-29
89,89,국문,전시일정,"제1전시장 2홀 ",2021 코리아 캠핑카쇼,20210603 1000~20210606 1800,"한국레저자동차산업협회 / 벡스코 ",2021-06-03,2021-06-06
90,90,국문,전시일정,"제1전시장 3홀 ","2021 제32회 부산유아교육용품전 ",20210603 1000~20210606 1800,주식회사 블루케이,2021-06-03,2021-06-06
91,91,국문,전시일정,제1전시장 1홀,"2021 부산국제조선해양대제전(2021 국제해양방위산업전 / 2021 국제항만,물류 및 해양환경산업전)",20210609 1000~20210612 1700,"대한민국 해군, 부산광역시, 한국무역협회 / 해군협회, 부산조선해양기자재공업협동조합, 경연전람, 벡스코",2021-06-09,2021-06-12
92,92,국문,전시일정,제1전시장 3B홀,2021 우수중소기업 및 농특산품 선물박람회,20210611 1000~20210615 1800,새벽을 여는 사람들,2021-06-11,2021-06-15
93,93,국문,전시일정,"제1전시장 1,2홀",2021 부산국제철도기술산업전,20210616 1000~20210619 1700,"국토교통부, 부산광역시, 한국철도공사, 한국철도시설공단/벡스코, 메쎄프랑크푸르트, 한국철도차량산업협회, 한국철도협회",2021-06-16,2021-06-19
94,94,국문,전시일정,제1전시장 3A홀,2021 부산국제 차.공예박람회,20210617 1000~20210620 1800,(주)메세코리아,2021-06-17,2021-06-20
95,95,국문,전시일정,제2전시장 4(A-D)홀,2021 부산디자인위크,20210617 1030~20210620 1800,"KNN, 디자인하우스, 부산디자인진흥원 / 월간디자인",2021-06-17,2021-06-20
96,96,국문,전시일정,"제2전시장 4(E,F)홀",부산공공기관연계 2022학년도 대학 입시전략설명회,20210619 1000~20210620 1700,부산인재평생교육진흥원,2021-06-19,2021-06-20
97,97,국문,전시일정,제2전시장 4A홀,혁신조달제품 권역별 순회전시회,20210623 1000~20210624 1800,"조달청, (재)한국조달연구원 혁신조달지원센터",2021-06-23,2021-06-24
98,98,국문,전시일정,제1전시장 1홀,2021 제28회 부산국제식품대전,20210623 1000~20210626 1700,"부산광역시, 한국보건산업진흥원, 한국식품안전관리인증원 / (사)한국외식산업협회, Qingdao Qishenglong Business Co., Ltd., 한국산업마케팅연구원",2021-06-23,2021-06-26
99,99,국문,전시일정,제1전시장 2홀,2021 제11회 부산커피쇼,20210623 1000~20210626 1700,"(사)한국커피연합회, 한국산업마케팅연구원",2021-06-23,2021-06-26
100,100,국문,전시일정,제1전시장 3홀,2021 부산 홈·테이블데코페어,20210624 1000~20210627 1800,"리드케이훼어스, KNN, 까사리빙",2021-06-24,2021-06-27
101,101,국문,전시일정,제2전시장 4F홀,2021 KNN웨딩박람회,20210625 0000~20210627 0000,(주)더리본 주식회사,2021-06-25,2021-06-27
102,102,국문,전시일정,제1전시장 1홀,2021 부산건축박람회,20210701 1000~20210704 1800,(주)동아전람,2021-07-01,2021-07-04
103,103,국문,전시일정,제1전시장 2A홀,2021 부산가구엑스포,20210701 1000~20210704 1800,(주)동아전람,2021-07-01,2021-07-04
104,104,국문,전시일정,제1전시장 2B홀,부산 문구 완구 및 사무용품 기프트쇼 & 스포츠 레저산업박람회,20210701 1000~20210704 1800,(주)동아전람,2021-07-01,2021-07-04
105,105,국문,전시일정,"제2전시장 4(A,B)홀",2021 부산 반려동물 박람회,20210702 1000~20210704 1800,(주)메세코리아,2021-07-02,2021-07-04
106,106,국문,전시일정,제1전시장 1홀,2021 제28회 부산드림베이비페어,20210708 1000~20210711 1800,(주)드림코리아,2021-07-08,2021-07-11
107,107,국문,전시일정,제1전시장 2B홀,2021 부산브랜드페스타,20210709 1000~20210711 1800,"부산광역시,부산CBS / 벡스코,한국문화콘텐츠협회",2021-07-09,2021-07-11
108,108,국문,전시일정,제1전시장 3홀,제1회 대한민국 대표 축제 박람회,20210709 1000~20210711 1800,(주)한국전시산업원,2021-07-09,2021-07-11
109,109,국문,전시일정,제1전시장 2홀,K-핸드메이드&일러스트레이션 페어 부산 2021,20210716 1100~20210718 1900,(주)한국국제전시,2021-07-16,2021-07-18
110,110,국문,전시일정,제1전시장 3B홀,2021 대입상담캠프,20210716 0000~20210717 0000,"부산광역시교육청, 미래교육원",2021-07-16,2021-07-17
111,111,국문,전시일정,제1전시장 3홀,2021 제3회 대한민국 의회·행정 박람회,20210722 1000~20210724 1800,대한민국 의회행정 박람회 조직위원회 / (주)한국전시산업원,2021-07-22,2021-07-24
112,112,국문,전시일정,제1전시장 3A홀,2021 라이프트렌드페어,20210827 1000~20210829 1800,(주)마루컨벤션,2021-08-27,2021-08-29
113,113,국문,전시일정,제2전시장 4(B-F)홀,AI KOREA 2021,20210901 1000~20210903 1700,"부산광역시/부산정보산업진흥원(BIPA), 벡스코",2021-09-01,2021-09-03
114,114,국문,전시일정,"제1전시장 1,2A홀",2021 국제환경에너지산업전,20210901 1000~20210903 1700,"부산광역시, 국제신문 / 벡스코, 투데이에너지, 코트라",2021-09-01,2021-09-03
115,115,국문,전시일정,제1전시장 2홀,2021 부산 코리아빌드,20210909 1000~20210912 1800,(주)메쎄이상,2021-09-09,2021-09-12
116,116,국문,전시일정,제1전시장 3A홀,2021 리빙앤라이프스타일,20210909 1000~20210912 1800,(주)메쎄이상,2021-09-09,2021-09-12
117,117,국문,전시일정," 제2전시장 4(A,B,C)홀",제30회 2021부산창업박람회,20210909 1000~20210911 1700,선인커뮤니티㈜,2021-09-09,2021-09-11
118,118,국문,전시일정,제2전시장 4F홀,2021 부산 캣쇼,20210910 1000~20210912 1800,"㈜KNN / ㈜미래전람 ",2021-09-10,2021-09-12
119,119,국문,전시일정,제2전시장 4(D-E)홀,2021 부산펫쇼,20210910 1000~20210912 1800,㈜KNN / ㈜미래전람,2021-09-10,2021-09-12
120,120,국문,전시일정,제1전시장 2B홀,2021 추석맞이 우수중소기업 및 농특산품선물박람회,20210916 1000~20210920 1800,(주)새벽전람,2021-09-16,2021-09-20
121,121,국문,전시일정,제1전시장 3홀,2021 부산국제관광박람회,20210916 1000~20210919 1800,코트파,2021-09-16,2021-09-19
122,122,국문,전시일정,제2전시장 4(C-F)홀,2021 부산 디지털 치의학 전시회,20210925 1400~20210926 1800,"부산광역시 / 부산시치과의사회, 부산경제진흥원",2021-09-25,2021-09-26
123,123,국문,전시일정,제1전시장 2홀,2021 부산베이비&키즈페어,20210930 1000~20211003 1800,㈜한국국제전시,2021-09-30,2021-10-03
124,124,국문,전시일정,제2전시장 5A홀,2021 한아세안패션위크 및 대학패션페스티벌,20210930 1000~20211002 1800,부산광역시 / 부산경제진흥원,2021-09-30,2021-10-02
125,125,국문,전시일정,제2전시장 4(A-C)홀,2021 BFAA 아트페어,20211001 1000~20211004 2000,"(사)부산미술협회, KBS부산방송총국 / 2021 BFAA 국제아트페어 운영위원회",2021-10-01,2021-10-04
126,126,국문,전시일정,제1전시장 2B홀,부산일러스트레이션페어 vol.2,20211007 0000~20211010 0000,"오씨메이커스, BEXCO",2021-10-07,2021-10-10
127,127,국문,전시일정,제1전시장 3홀,"2021 캠핑카&레저페스티벌 ",20211007 1000~20211010 1800,BEXCO / 한국레저자동차산업협회,2021-10-07,2021-10-10
128,128,국문,전시일정,제1전시장 1홀,제7회 대한민국 대표 특산물 직거래 박람회,20211007 1000~20211010 1800,"대한민국 대표 특산물 직거래 박람회 조직위, 전국 각 지역 대표 신문사 / 대한민국 대표 특산물 직거래 박람회 사무국, (주)한국전시산업원",2021-10-07,2021-10-10
129,129,국문,전시일정,제2전시장 4C홀,2021 부산 MBC 웨딩박람회 in 벡스코,20211008 1000~20211010 1800,부산문화방송(주),2021-10-08,2021-10-10
130,130,국문,전시일정,"제1전시장 1,2,3홀",2021 국제조선 및 해양산업전(KORMARINE),20211019 1000~20211022 1700,"산업통상자원부, 부산광역시, 한국조선해양플랜트협회, 한국조선해양기자재공업협동조합, 리드케이훼어스유한회사",2021-10-19,2021-10-22
131,131,국문,전시일정,제 2전시장 4(D-F)홀,2021 부산·울산·경남 스마트팩토리 컨퍼런스 & 엑스포,20211020 1000~20211022 1700,"(주)인포더, 스마트제조혁신추진단, 중소기업중앙회, 한국전기연구원, 부산테크노파크, 울산테크노파크, 경남테크노파크, Industry News, 월간 FA저널 SMART FACTORY",2021-10-20,2021-10-22
132,132,국문,전시일정,"제1전시장 1,2A홀",2021 패패부산 (부산국제신발섬유패션전),20211028 1000~20211030 1700,"부산광역시 / 벡스코, 부산경제진흥원 신발산업진흥센터, 한국산업용섬유협회, 부산섬유패션산업연합회, 부산패션섬유사업협동조합",2021-10-28,2021-10-30
133,133,국문,전시일정,제1전시장 3B홀,2021 가을맞이 우수중소기업 및 농특산품 선물박람회,20211028 1000~20211101 1800,새벽전람,2021-10-28,2021-11-01
134,134,국문,전시일정,제2전시장 4홀,2021 부산 의료기기 전시회 (KIMES BUSAN 2021),20211029 1000~20211031 1700,"한국이앤엑스, 한국의료기기공업협동조합, 한국의료기기산업협회, KNN",2021-10-29,2021-10-31
135,135,국문,전시일정,제2전시장 5(C-E)홀,2021 메디부산! 시민건강박람회,20211029 1000~20211031 1800,부산광역시/KNN,2021-10-29,2021-10-31
136,136,국문,전시일정,제1전시장 3B홀,2021 통영수산식품대전,20211103 1000~20211106 1800,통영시 / (주)KNN,2021-11-03,2021-11-06
137,137,국문,전시일정,"제1전시장 1,2,3홀",2021 부산국제수산EXPO,20211103 1000~20211105 1700,"부산광역시 / 벡스코, 한국수산무역협회, 수산업협동조합중앙회",2021-11-03,2021-11-05
138,138,국문,전시일정,제2전시장 4(A-C)홀,NFT BUSAN 2021,20211104 1000~20211106 1700,"부산광역시 / (사)부산블록체인산업협회, BEXCO",2021-11-04,2021-11-06
139,139,국문,전시일정,제2전시장 4(D-F)홀," 2021 부산머니쇼",20211104 1000~20211106 1700,"부산광역시, 매일경제 / BEXCO, 글로벌핀테크산업진흥센터, 부산국제금융진흥원, 블록체인어스, 한국거래소, 한국금융투자협회",2021-11-04,2021-11-06
140,140,국문,전시일정,제1전시장 1홀,2021 넥스트콘텐츠페어,20211111 1000~20211113 1700,문화체육관광부 / 한국콘텐츠진흥원,2021-11-11,2021-11-13
141,141,국문,전시일정,제2전시장 4B홀,제16회 더골프쇼 in 부산 Autumn,20211111 1000~20211114 1700,㈜이엑스스포테인먼트,2021-11-11,2021-11-14
142,142,국문,전시일정,제1전시장 2B홀,2021 부산국제의료관광컨벤션,20211112 1000~20211113 1800,"부산광역시, 부산일보사 / (사)부산권의료산업협의회",2021-11-12,2021-11-13
143,143,국문,전시일정,제1전시장 2A홀,FLY to the 일상 [2021 항공·여행 마켓],20211113 1000~20211113 1700,"부산광역시, 한국공항공사, 벡스코 / 부산경제진흥원",2021-11-13,2021-11-13
144,144,국문,전시일정,"제1전시장, 제2전시장, 옥외전시장, 야외행사장",국제게임전시회 지스타 2021,20211117 1000~20211121 1800,"한국게임산업협회 / 지스타조직위원회, 부산정보산업진흥원",2021-11-17,2021-11-21
145,145,국문,전시일정,제1전시장 2A홀,2021 부산건축인테리어전시회,20211125 1000~20211128 1800,부산MBC / (주)메세코리아,2021-11-25,2021-11-28
146,146,국문,전시일정,제1전시장 1홀,2021 부산홈리빙·생활용품전시회&부산가구박람회,20211125 1000~20211128 1800,(주)메세코리아,2021-11-25,2021-11-28
147,147,국문,전시일정,제1전시장 3B홀,2021 부산유기농친환경귀농귀촌박람회,20211125 1000~20211128 1800,메세코리아,2021-11-25,2021-11-28
148,148,국문,전시일정,제1전시장 2B홀,2021 부산국제차공예박람회,20211125 1000~20211128 1800,(주)메세코리아,2021-11-25,2021-11-28
149,149,국문,전시일정,제2전시장 4홀,2021 글로벌 헬스케어 위크,20211125 1000~20211127 1800,"부산광역시 Busan Metropolitan City / 벡스코, 부산테크노파크 고령친화산업지원센터",2021-11-25,2021-11-27
150,150,국문,전시일정,제1전시장 3A홀,2021 부산국제식품박람회,20211125 1000~20211128 1800,(주)메세코리아,2021-11-25,2021-11-28
151,151,국문,전시일정,제1전시장 3홀,제29회 부산드림베이비페어,20211202 1000~20211205 1800,드림코리아,2021-12-02,2021-12-05
152,152,국문,전시일정,제2전시장 4(C-F)홀,2021 부산국제아트페어,20211202 0000~20211206 0000,사단법인 케이아트국제교류협회,2021-12-02,2021-12-06
153,153,국문,전시일정,제1전시장 2B홀,2021 부산핸드메이드페어 윈터,20211203 1100~20211205 1900,(주)마루컨벤션,2021-12-03,2021-12-05
154,154,국문,전시일정,"제1회의실 211,2호 ",2021년 부산장애인체육발전 유공자 시상식,20211214 1500~20211214 1600,부산광역시장애인체육회,2021-12-14,2021-12-14
155,155,국문,전시일정,제2전시장 4(A-B)홀,2021 부산 반려동물 박람회,20211217 1000~20211219 1800,(주)메세코리아,2021-12-17,2021-12-19
156,156,국문,전시일정,제1전시장 2B홀,2022 설맞이 우수중소기업 및 농특산품선물박람회,20220121 1000~20220125 1800,"새벽전람, 국제신문",2022-01-21,2022-01-25
157,157,국문,전시일정,제1전시장 3A홀,제2회 제일창업박람회 IN 부산,20220217 1000~20220219 1800,제일창업경제신문 / 제일좋은전람,2022-02-17,2022-02-19
158,158,국문,전시일정,제 2 전시장 4F홀,BWC부산웨딩박람회,20220218 1600~20220220 2000,주식회사 비더블류씨,2022-02-18,2022-02-20
159,159,국문,전시일정,제1전시장 1~2홀,2022 드론쇼코리아,20220224 1000~20220226 1700,"산업통상자원부,과학기술정보통신부,국토교통부,국방부, 부산광역시 / BEXCO,사단법인 한국무인기시스템협회",2022-02-24,2022-02-26
160,160,국문,전시일정,제 1전시장 1홀,2022 내일은 국민가수 전국투어 콘서트 - 부산,20220309 0000~20220309 0000,"TV CHOSUN, (주) 엔씨에이치엔터테인먼트",2022-03-09,2022-03-09
161,161,국문,전시일정,제1전시장 2A홀,2022 부산 국제 차문화 산업전,20220311 0930~20220314 1830,"한국차문화산업협동조합 / Tea&Tools Exhibition co.,ltd",2022-03-11,2022-03-14
162,162,국문,전시일정,제 2 전시장 4F홀,부산결혼&출산장려협회 부산웨딩박람회 in 벡스코,20220318 1000~20220320 2000,부산결혼&출산장려협회,2022-03-18,2022-03-20
163,163,국문,전시일정,제1전시장 2B홀,2022 부산카페쇼,20220324 1000~20220327 1800,(주)블루케이,2022-03-24,2022-03-27
164,164,국문,전시일정,제1전시장 1홀,2022 궁디팡팡 캣페스타,20220325 1000~20220327 1800,(주)캣페스타,2022-03-25,2022-03-27
165,165,국문,전시일정,제 2 전시장 4(D~F)홀,2022 부산 디지털 치의학 전시회,20220326 0000~20220327 0000,"부산광역시/부산광역시 치과의사회, 부산경제진흥원",2022-03-26,2022-03-27
166,166,국문,전시일정,제2전시장 4A홀,제1회 한국이색반려동물박람회,20220326 1000~20220327 1900,한국이색반려동물박람회 조직위원회 / 후원 Locsa,2022-03-26,2022-03-27
167,167,국문,전시일정,제1전시장 1홀,제8회 대한민국 대표 특산물 직거래 박람회,20220331 1000~20220403 1800,"대한민국 대표 특산물 직거래 박람회 조직위, 전국 각 지역 대표 신문사 / 대한민국 대표 특산물 직거래 박람회 사무국, (주)한국전시산업원",2022-03-31,2022-04-03
168,168,국문,전시일정,제2전시장 4D홀,2022 제17회 더골프쇼 in 부산 spring,20220331 1000~20220403 1800,(주)이엑스스포테인먼트 / (주)골프유닷넷,2022-03-31,2022-04-03
169,169,국문,전시일정,제1전시장 2~3홀,2022 BAMA 제11회 부산국제화랑아트페어,20220407 1000~20220410 1800,사단법인 부산화랑협회,2022-04-07,2022-04-10
170,170,국문,전시일정,제1전시장 1홀,"2022부산베이비페어 ",20220407 1000~20220410 1800,(주)메세코리아,2022-04-07,2022-04-10
171,171,국문,전시일정,제1전시장 2A홀,2022 부산 건축 인테리어 전시회,20220414 1000~20220417 1800,부산mbc / ㈜메세코리아,2022-04-14,2022-04-17
172,172,국문,전시일정,제1전시장 2B홀,2022 부산홈리빙&생활용품 전시회(상),20220414 1000~20220417 1800,㈜메세코리아,2022-04-14,2022-04-17
173,173,국문,전시일정,제1전시장 1홀,제31회 2022부산창업박람회,20220421 1000~20220423 1700,선인커뮤니티㈜,2022-04-21,2022-04-23
174,174,국문,전시일정,제1전시장 2~3홀,2022 부산국제보트쇼,20220422 1000~20220424 1800,"해양수산부, 부산광역시 / 한국해양레저네트워크, 벡스코",2022-04-22,2022-04-24
175,175,국문,전시일정,제2전시장 4(A-E)홀,2022 대한민국 펫산업박람회(케이펫페어 부산),20220422 1000~20220424 1800,"(사)한국펫사료협회, (주)메쎄이상 / (주)메쎄이상",2022-04-22,2022-04-24
176,176,국문,전시일정,제1전시장 1홀 및 컨벤션홀,2022 부산국제원자력산업전,20220427 1000~20220429 1800,한국원자력산업협회 / 벡스코,2022-04-27,2022-04-29
177,177,국문,전시일정,제1전시장 2B홀,우수중소기업 및 농특산물 선물박람회,20220429 1000~20220503 1800,"새벽전람, 부산MBC",2022-04-29,2022-05-03
178,178,국문,전시일정,제2전시장 4F홀,KNN웨딩박람회,20220429 1000~20220501 1800,더리본 주식회사,2022-04-29,2022-05-01
179,179,국문,전시일정,"제1전시장 1,2,3홀",아트부산 2022,20220512 0000~20220515 0000,(사)아트쇼부산,2022-05-12,2022-05-15
180,180,국문,전시일정,제1전시장 1홀,우수중소기업 및 농특산품 선물박람회,20220603 1000~20220606 1800,"새벽전람, 부산MBC",2022-06-03,2022-06-06
181,181,국문,전시일정,제1전시장 2홀,제2회 대한민국 대표 축제 박람회,20220603 1000~20220605 1800,한국지방신문협회 / ㈜한국전시산업원,2022-06-03,2022-06-05
182,182,국문,전시일정,제1전시장 3홀,2022 부산디자인위크,20220609 1030~20220612 1800,"디자인하우스, KNN, 부산디자인진흥원",2022-06-09,2022-06-12
183,183,국문,전시일정,제2전시장 4A~E홀,2022 코리아캠핑카쇼,20220609 1000~20220612 1800,한국레저자동차산업협회/벡스코,2022-06-09,2022-06-12
184,184,국문,전시일정,제1전시장 3A홀,2022 부산국제차.공예박람회(상),20220616 1000~20220619 1800,㈜메세코리아,2022-06-16,2022-06-19
185,185,국문,전시일정,제1전시장 2B홀,부산 건축박람회&사인엑스포,20220616 1000~20220619 1800,(주)동아전람,2022-06-16,2022-06-19
186,186,국문,전시일정,제1전시장 1홀,"부산 기프트쇼&스포츠,레저산업 박람회",20220616 1000~20220619 1800,(주)동아전람,2022-06-16,2022-06-19
187,187,국문,전시일정,제1전시장 2A홀,부산 가구엑스포,20220616 1000~20220619 1800,(주)동아전람,2022-06-16,2022-06-19
188,188,국문,전시일정,제 2 전시장 4B홀,BWC 부산 웨딩박람회,20220617 0000~20220619 0000,주식회사 비더블류씨,2022-06-17,2022-06-19
189,189,국문,전시일정,제1전시장 3홀,부산국제임신출산육아박람회(드림베이비페어),20220623 1000~20220626 1800,드림코리아,2022-06-23,2022-06-26
190,190,국문,전시일정,제1전시장 2홀,K-핸드메이드&일러스트레이션페어 부산 2022,20220624 1100~20220626 1900,㈜한국국제전시,2022-06-24,2022-06-26
191,191,국문,전시일정,제1전시장 1홀,2022 부산브랜드페스타,20220624 1000~20220626 1800,"부산광역시, 부산CBS / 벡스코",2022-06-24,2022-06-26
192,192,국문,전시일정,제 2전시장 4A홀,제48회 대한민국웨딩산업박람회,20220628 1000~20220628 1700,이주/(사)한국웨딩산업인협회,2022-06-28,2022-06-28
193,193,국문,전시일정,제1전시장 1홀,2022 제29회 부산국제식품대전,20220629 1000~20220702 1700,한국식품안전관리인증원 / (주)한국산업마케팅연구원,2022-06-29,2022-07-02
194,194,국문,전시일정,제1전시장 2홀,2022 제12회 부산커피쇼,20220629 1000~20220702 1700,(사)한국커피연합회 / (주)한국산업마케팅연구원,2022-06-29,2022-07-02
195,195,국문,전시일정,제1전시장 3홀,2022 부산 홈·테이블데코페어,20220630 1000~20220703 1800,리드케이훼어스(유),2022-06-30,2022-07-03
196,196,국문,전시일정,제2전시장 4(A-B)홀,2022 부산 반려동물 박람회(상),20220701 0000~20220703 0000,(주)메세코리아,2022-07-01,2022-07-03
197,197,국문,전시일정,BEXCO 제1전시장 전체 및 제2전시장 1층	,2022 부산국제모터쇼,20220715 1000~20220724 1800,"부산광역시/벡스코, 한국자동차산업협회, 한국수입자동차협회, 한국자동차산업협동조합",2022-07-15,2022-07-24
198,198,국문,전시일정,제1전시장 2홀,2022 제 33회 부산유아교육용품전,20220804 1000~20220807 1800,"(주)블루케이,(주)앤유",2022-08-04,2022-08-07
199,199,국문,전시일정,제1전시장 3홀,제4회 대한민국 1인 미디어 대전,20220805 0000~20220806 0000,과학기술정보통신부 / 한국전파진흥협회,2022-08-05,2022-08-06
200,200,국문,전시일정,옥외전시장,2022 나이트레이스 인 부산,20220806 0000~20220806 0000,KNN,2022-08-06,2022-08-06
201,201,국문,전시일정,제1전시장 3B홀,K-메타버스 엑스포 부산,20220818 1000~20220820 1700,에코마이스(주),2022-08-18,2022-08-20
202,202,국문,전시일정,제1전시장 1~2홀,캠피크페어 in 부산,20220819 1000~20220821 1800,주식회사 이에스기획,2022-08-19,2022-08-21
203,203,국문,전시일정,제 1전시장 3A홀	,2022 라이프트렌드페어,20220819 1000~20220821 1800,㈜마루컨벤션,2022-08-19,2022-08-21
204,204,국문,전시일정,제 2 전시장 4F홀,혁신제품 권역별 순회 전시회,20220824 1000~20220825 1700,"조달청, 기획재정부 /(재)한국조달연구원, 기술마켓",2022-08-24,2022-08-25
205,205,국문,전시일정,제1전시장 1홀,2022 글로벌 헬스케어 위크,20220825 1000~20220827 1800,"부산광역시 / 벡스코, 부산테크노파크",2022-08-25,2022-08-27
206,206,국문,전시일정,제1전시장 3B홀,부산네일엑스포(BINAIL2022),20220826 1000~20220828 0000,(주)네일클럽,2022-08-26,2022-08-28
207,207,국문,전시일정,제1전시장 2B홀,추석맞이 우수중소기업 및 농특산품 선물박람회,20220826 1000~20220830 1800,"새벽전람 (후원) 국제신문, 부산MBC",2022-08-26,2022-08-30
208,208,국문,전시일정,제 2 전시장 4F홀,2022 BWC 부산웨딩박람회,20220826 0000~20220828 0000,주식회사 비더블류씨,2022-08-26,2022-08-28
209,209,국문,전시일정,제 1전시장 3B홀,2022 부울경 일자리박람회,20220830 1000~20220830 1700,"부산광역시, 울산광역시, 경상남도, 부산지방고용노동청,  부울경 지방중소벤처기업청,  BNK부산은행",2022-08-30,2022-08-30
210,210,국문,전시일정,제1전시장 1~2A홀 및 옥외전시장,2022 국제환경에너지산업전,20220831 1000~20220902 1700,"부산광역시, 국제신문 / BEXCO",2022-08-31,2022-09-02
211,211,국문,전시일정,제2전시장 4(A-D)홀,11회 서울국제조각페스타 2022 (부산 BEXCO),20220901 0000~20220905 0000,사단법인 한국조각가협회 / 국제조각페스타 운영위원회,2022-09-01,2022-09-05
212,212,국문,전시일정,제1전시장 2B홀,2022 부산카페쇼 하반기,20220901 0000~20220904 0000,(주)블루케이,2022-09-01,2022-09-04
213,213,국문,전시일정,제1전시장 1홀,2022 부산리빙앤라이프스타일,20220915 1000~20220918 1800,(주)메쎄이상,2022-09-15,2022-09-18
214,214,국문,전시일정,"제 1전시장 2A, 2B홀",2022 부산코리아빌드,20220915 1000~20220918 1800,(주)메쎄이상,2022-09-15,2022-09-18
215,215,국문,전시일정,제2전시장 4E~4F홀,2022 오프라인 해양수산 취업박람회,20220916 1000~20220916 1700,"해양수산부, 대한민국 해군",2022-09-16,2022-09-16
216,216,국문,전시일정,제2전시장 4D홀,오션파라곤 공동구매 초대전,20220917 0900~20220918 1800,크린탑 홈케어,2022-09-17,2022-09-18
217,217,국문,전시일정,제 1전시장 3홀,2022 부산베이비&키즈페어[부베키],20220922 1000~20220925 1800,(주)한국국제전시,2022-09-22,2022-09-25
218,218,국문,전시일정,제2전시장 4(A-C)홀,제32회 2022부산창업박람회,20220922 1000~20220924 1700,선인커뮤니티㈜,2022-09-22,2022-09-24
219,219,국문,전시일정,제2전시장 4(A~E)홀,"2022 AI KOREA ",20220928 1000~20220930 1800,"부산광역시 /부산정보산업진흥원, 벡스코",2022-09-28,2022-09-30
220,220,국문,전시일정,제1전시장 3B홀,부산일러스트레이션페어 vol.3,20220929 1000~20221002 1800,"오씨메이커스, 벡스코",2022-09-29,2022-10-02
221,221,국문,전시일정,제 1전시장 2B홀,2022 부산 월드뷰티 EXPO,20220930 1000~20221002 1800,(사)부산광역시직능연합회,2022-09-30,2022-10-02
222,222,국문,전시일정,제1전시장 3A홀,2022 부산국제의료관광컨벤션,20220930 1000~20221001 1800,"부산광역시,부산일보사",2022-09-30,2022-10-01
223,223,국문,전시일정,제 2 전시장 4B홀,2022 부울경 잡페스티벌,20221006 1300~20221007 1700,"고용노동부 부산지방고용노동청,  국가보훈처, (재)부산경제진흥원 외",2022-10-06,2022-10-07
224,224,국문,전시일정,제 2 전시장 4(C-F)홀,2022 아시아콘텐츠&필름마켓,20221008 0000~20221011 0000,부산국제영화제,2022-10-08,2022-10-11
225,225,국문,전시일정,제1전시장 1~2A홀,2022 국제 그린 해양 플랜트 전시회,20221012 1000~20221014 1700,"산업통상자원부, 부산광역시 / 부산조선해양기자재공업협동조합, 벡스코, 경연전람, 코트라",2022-10-12,2022-10-14
226,226,국문,전시일정,제 1전시장 3홀,"제24회 부산국제관광전 ",20221013 0000~20221016 0000,"부산광역시/부산광역시관광협회,(주)코트파",2022-10-13,2022-10-16
227,227,국문,전시일정,제2전시장 4F홀,2022 부산MBC웨딩박람회 in 벡스코,20221014 0000~20221016 0000,(주)부산문화방송,2022-10-14,2022-10-16
228,228,국문,전시일정,제 2전시장 4(A~E)홀,2022 제11회 BFAA 국제아트페어,20221014 0000~20221017 0000,사단법인 부산미술협회/ 2022 BFAA 국제아트페어 운영위원회,2022-10-14,2022-10-17
229,229,국문,전시일정,제1전시장 2B홀,"2022 부산평화통일박람회 ",20221015 1000~20221015 1800,"부산광역시, 통일부",2022-10-15,2022-10-15
230,230,국문,전시일정,제1회의실 311-313호,해양수산 공학-바이오 기술설명회,20221020 0000~20221020 0000,,2022-10-20,2022-10-20
231,231,국문,전시일정,제1전시장 3B홀,2022 한·아세안패션위크,20221020 0900~20221021 2100,부산광역시/(재)부산디자인진흥원,2022-10-20,2022-10-21
232,232,국문,전시일정,제1전시장 2~3A홀,2022 패패부산 (부산국제신발섬유패션전),20221020 1000~20221022 1700,"부산광역시 / 벡스코, 부산경제진흥원 신발산업진흥센터, 한국산업용섬유협회, 부산섬유패션산업연합회, 부산패션섬유사업협동조합 ",2022-10-20,2022-10-22
233,233,국문,전시일정,제2전시장 4(C-D)홀,2022 부산캣쇼,20221021 1000~20221023 1800,주최: ㈜KNN / 주관: ㈜미래전람,2022-10-21,2022-10-23
234,234,국문,전시일정,제2전시장 4(A-B)홀,2022 부산펫쇼,20221021 1000~20221023 1800,주최: ㈜KNN / 주관: ㈜미래전람,2022-10-21,2022-10-23
235,235,국문,전시일정,제1전시장 1홀,제19회 부산국제음식박람회,20221021 1000~20221023 1800,부산광역시 / (사)한국외식업중앙회부산광역시지회,2022-10-21,2022-10-23
236,236,국문,전시일정,"제2전시장 5B,5C홀",부산광역시 평생학습 주간,20221022 1000~20221023 1700,부산인재평생교육원,2022-10-22,2022-10-23
237,237,국문,전시일정,제1전시장 1~3홀,블록체인 위크 인 부산 2022,20221027 1000~20221029 1700,"부산광역시 / BWB조직위원회(준), 부산블록체인산업협회, 벡스코",2022-10-27,2022-10-29
238,238,국문,전시일정,"제 2전시장 5A, 5B홀",KOMED 2022 지역의료분권 및 메디부산 시민건강박람회,20221028 0900~20221029 1800,부산광역시/KNN,2022-10-28,2022-10-29
239,239,국문,전시일정,제2전시장 4홀,2022 부산 의료기기 전시회 (KIMES BUSAN 2022),20221028 1000~20221030 1700,"한국이앤엑스, 한국의료기기공업협동조합, 한국의료기기산업협회, KNN",2022-10-28,2022-10-30
240,240,국문,전시일정,제1전시장 1~3홀 전체,2022 부산국제수산엑스포,20221102 1000~20221105 1700,"부산광역시 / BEXCO, 한국수산무역협회, 수협중앙회",2022-11-02,2022-11-05
241,241,국문,전시일정,제1회의실 313호,2022년 광역수산행정협의회 임시회,20221102 0000~20221102 0000,부산광역시,2022-11-02,2022-11-02
242,242,국문,전시일정,제1회의실 211-213호,제17회 부산수산정책포럼,20221102 0000~20221102 0000,(사)부산수산정책포럼/부산광역시,2022-11-02,2022-11-02
243,243,국문,전시일정,제1회의실 214-215호,부산수산무역엑스포 VIP 개막행사,20221102 0000~20221102 0000,벡스코,2022-11-02,2022-11-02
244,244,국문,전시일정,제1회의실 217-218호,네트워크 교류행사 (한국수산무역협회 주관),20221102 0000~20221102 0000,웍스아이(주),2022-11-02,2022-11-02
245,245,국문,전시일정,제1회의실 211-213호,한국양식기술 워크샵 2022,20221103 0000~20221103 0000,"아쿠아인포,주한노르웨이대사관, 한국수산과학회 양식분과",2022-11-03,2022-11-03
246,246,국문,전시일정,제1회의실  216-218호,수산식품 성장포럼 '아마존 특강',20221103 0000~20221103 0000,부산광역시,2022-11-03,2022-11-03
247,247,국문,전시일정,제1회의실 214-215호,해외유명수산전 주최사 초청 컨퍼런스,20221103 0000~20221103 0000,(주)로얄클래식,2022-11-03,2022-11-03
248,248,국문,전시일정,제1회의실 311-313호,한국수산과학총연합회 학술대회,20221103 0000~20221103 0000,한국수산과학회,2022-11-03,2022-11-03
249,249,국문,전시일정,2~3층 회의실 전체,한국수산과학총연합회 학술대회,20221104 0000~20221104 0000,한국수산과학회,2022-11-04,2022-11-04
250,250,국문,전시일정,제2전시장 4(A-C)홀,2022학년도 부산직업교육박람회,20221107 0900~20221109 1700,부산광역시교육청,2022-11-07,2022-11-09
251,251,국문,전시일정,"제1전시장 3A, 3B홀",2022 대한민국 지방자치 경영혁신 엑스포,20221110 1000~20221112 1700,"행정안전부, 한국일보",2022-11-10,2022-11-12
252,252,국문,전시일정,"제1전시장 1,2A홀",2022 대한민국 지방시대 엑스포 in 부산,20221110 0000~20221112 0000,부산광역시,2022-11-10,2022-11-12
253,253,국문,전시일정,제1전시장 2B홀,2022 KFA 프랜차이즈 창업박람회 부산,20221110 1000~20221112 1700,한국프랜차이즈산업협회 부울경지회,2022-11-10,2022-11-12
254,254,국문,전시일정," 컨벤션홀201,202,205호",2022 대한민국 게임대상,20221116 0000~00000000 0000,(사)한국게임산업협회/ 위두컴퍼니,2022-11-16,2022-11-16
255,255,국문,전시일정,벡스코 전관,국제게임전시회 지스타 2022,20221117 1000~20221120 1800,"한국게임산업협회 / 지스타조직위원회, 부산정보산업진흥원",2022-11-17,2022-11-20
256,256,국문,전시일정," 컨벤션홀 1층, 207,8호",G-CON X IGC 2022,20221117 0900~20221118 1800,(사)한국게임산업협회/ 믹스위드,2022-11-17,2022-11-18
257,257,국문,전시일정," 컨벤션홀 202,205호",2022 게임잡콘서트,20221119 0900~20221119 1700,,2022-11-19,2022-11-19
258,258,국문,전시일정,제2전시장 4(D-F)홀,FLY ASIA 2022 아시아 창업 엑스포,20221122 1000~20221124 1800,재단법인 부산테크노파크,2022-11-22,2022-11-24
259,259,국문,전시일정,제 1전시장 2A홀,2022부산가구박람회,20221124 1000~20221127 1800,(주)메세코리아,2022-11-24,2022-11-27
260,260,국문,전시일정,제1전시장 2A홀,2022 부산국제차.공예박람회(하),20221124 1000~20221127 1800,㈜메세코리아,2022-11-24,2022-11-27
261,261,국문,전시일정,제1전시장 1홀,2022 부산 유기농 친환경 귀농귀촌 박람회,20221124 1000~20221127 1800,"㈜메세코리아 ",2022-11-24,2022-11-27
262,262,국문,전시일정,제1전시장 1홀,2022 부산 국제식품 박람회,20221124 1000~20221127 1800,㈜메세코리아,2022-11-24,2022-11-27
263,263,국문,전시일정,제1전시장 2B홀,2022 부산홈리빙&생활용품 전시회(하),20221124 1000~20221127 1800,㈜메세코리아,2022-11-24,2022-11-27
264,264,국문,전시일정,제2전시장 4B홀,제18회 더골프쇼 in 부산 Autumn,20221124 0000~20221127 0000,(주)이엑스스포테인먼트,2022-11-24,2022-11-27
265,265,국문,전시일정,제 2전시장 4B홀,제48회 대한민국웨딩산업박람회,20221129 1000~20221129 1700,이주/(사)한국웨딩산업인협회,2022-11-29,2022-11-29
266,266,국문,전시일정,"제1전시장 3A, 3B홀",부산국제임신출산육아박람회(드림베이비페어) 하반기,20221201 0000~20221204 0000,드림코리아,2022-12-01,2022-12-04
267,267,국문,전시일정," 제2전시장 4홀 4C~F홀",2022 부산국제아트페어,20221201 0000~20221205 0000,사단법인 케이아트국제교류협회,2022-12-01,2022-12-05
268,268,국문,전시일정,제 2 전시장 4B홀,2022 BWC 부산 웨딩박람회,20221202 0000~20221204 0000,주식회사 비더블류씨,2022-12-02,2022-12-04
269,269,국문,전시일정," 제1전시장  2B홀",2022 블록체인 진흥주간,20221207 0900~20221209 1800,"과학기술정보통신부 / 한국인터넷진흥원, 부산광역시, 정보통신산업진흥원, 정보통신기획평가원",2022-12-07,2022-12-09
270,270,국문,전시일정,제2전시장 4C홀,2022 부산자원봉사자대회,20221208 1300~20221209 1600,부산광역시/부산광역시자원봉사센터,2022-12-08,2022-12-09
271,271,국문,전시일정," 제1전시장 2A홀",2022 부산핸드메이드페어 윈터,20221209 1000~20221211 1800,(주)마루컨벤션,2022-12-09,2022-12-11
272,272,국문,전시일정,"제1전시장 3A, 3B홀",2022 지산학 엑스포,20221212 0000~20221214 0000,부산광역시 / 한국과학기술단체총연합회,2022-12-12,2022-12-14
273,273,국문,전시일정,제1전시장 2B홀,2022 부산머니쇼,20221215 1000~20221217 1700,부산광역시/매일경제/벡스코,2022-12-15,2022-12-17
274,274,국문,전시일정," 제2전시장 4A홀, 4B홀",2022 부산 반려동물 박람회,20221216 0000~20221218 0000,(주)메세코리아,2022-12-16,2022-12-18
275,275,국문,전시일정," 제1전시장  3B홀",2022 항공여행마켓 with 마켓움 크리스마스 페어,20221217 1000~20221218 1700,"부산광역시, 한국공항공사 / 하우스 움, 벡스코 ",2022-12-17,2022-12-18
276,276,국문,전시일정," 제1전시장  1홀",테스트,20230101 0000~20230110 0000,,2023-01-01,2023-01-10
277,277,국문,전시일정," 제1전시장  2B홀",2023 설맞이 우수중소기업 및 농특산품 선물 박람회,20230113 1000~20230117 1800,새벽전람 / 부산MBC,2023-01-13,2023-01-17
278,278,국문,전시일정," 제1전시장  2홀",2023 제 34회 부산베이비페어&유아교육용품전,20230202 0000~20230205 0000,(주)블루케이,2023-02-02,2023-02-05
279,279,국문,전시일정," 제2전시장 4B홀",BWC 부산 웨딩박람회,20230204 0000~20230205 0000,주식회사 비더블류씨,2023-02-04,2023-02-05
280,280,국문,전시일정," 제1전시장  2홀",2023 부산 캠핑&레저차량박람회,20230210 1000~20230212 1800,(주)제이엠컴퍼니,2023-02-10,2023-02-12
281,281,국문,전시일정," 제1전시장  3A홀",제3회 제일창업박람회in 부산,20230216 1000~20230218 1700,"(주)제일좋은전람 / 제일창업경제신문 ",2023-02-16,2023-02-18
282,282,국문,전시일정," 제1전시장  1~2홀",2023 드론쇼 코리아,20230223 1000~20230225 1700,"산업통상자원부, 과학기술정보통신부, 국토교통부, 국방부, 부산광역시 /벡스코, 한국무인기시스템협회",2023-02-23,2023-02-25
283,283,국문,전시일정," 제1전시장  1, 2홀",2023 BAMA 제12회 부산국제화랑아트페어,20230302 0000~20230305 0000,(사)부산화랑협회,2023-03-02,2023-03-05
284,284,국문,전시일정," 제1전시장  1홀",2023 부산 건축 인테리어 전시회,20230309 1000~20230312 1800,부산MBC / (주)메세코리아,2023-03-09,2023-03-12
285,285,국문,전시일정," 제1전시장  1홀",2023 부산국제식품박람회,20230309 1000~20230312 1800,(주)메세코리아,2023-03-09,2023-03-12
286,286,국문,전시일정," 제2전시장 4B홀",제19회 더골프쇼 in 부산 spring,20230309 1000~20230312 1800,(주)이엑스스포테인먼트,2023-03-09,2023-03-12
287,287,국문,전시일정," 제1전시장  3B홀",유희왕 페스티벌 -부산 2023-,20230311 1000~20230312 1800,대원미디어,2023-03-11,2023-03-12
288,288,국문,전시일정," 제1전시장  2B홀",2023 제20회 상반기 카페위크 (부제:부산카페쇼),20230316 1000~20230319 1800,(주)블루케이,2023-03-16,2023-03-19
289,289,국문,전시일정," 제2전시장 4B홀",부산 결혼&출산장려협회 부산웨딩박람회 in 벡스코,20230317 0000~20230319 0000,부산결혼&출산장려협회/BWB,2023-03-17,2023-03-19
290,290,국문,전시일정," 제2전시장 4C홀~4F홀",부산 치의학 전시회 및 학술대회,20230318 0900~20230319 1800,"부산광역시  / 부산광역시 치과의사회, 부산경제진흥원",2023-03-18,2023-03-19
291,291,국문,전시일정," 제1전시장  3A,B홀",21회 성우하이텍배 KNN 환경마라톤,20230319 0730~20230319 1200,"KNN, 스포츠링크",2023-03-19,2023-03-19
292,292,국문,전시일정," 제1전시장  2B홀",2023 우수중소기업 및 농특산품 선물박람회,20230324 1000~20230328 1800,새벽전람 / 부산MBC,2023-03-24,2023-03-28
293,293,국문,전시일정," 제1전시장  2A",2030 부산 월드 엑스포 유치 기원 전시,20230330 1000~20230402 1800,제이케이산업연구원 / (사)2030 부산 월드 엑스포 범시민 유치 위원회 & 풀기획,2023-03-30,2023-04-02
294,294,국문,전시일정," 제1전시장  1홀",궁디팡팡 캣페스타,20230331 1000~20230402 1800,(주)캣페스타,2023-03-31,2023-04-02
295,295,국문,전시일정," 제1전시장  1홀",2023 부산베이비페어,20230406 1000~20230409 1800,(주)메세코리아,2023-04-06,2023-04-09
296,296,국문,전시일정," 제1전시장  3A홀",2023 부산 국제 차문화산업전,20230407 0000~20230410 0000,한국 차문화산업 협동조합/금샘,2023-04-07,2023-04-10
297,297,국문,전시일정," 제1전시장  2홀",제3회 대한민국 대표 축제 박람회,20230407 1000~20230409 1800,(사)한국지방신문협회/(주)한국전시산업원,2023-04-07,2023-04-09
298,298,국문,전시일정," 제1전시장 2B홀",2023 부산 홈리빙&생활용품 전시회(상),20230413 0000~20230416 0000,(주)메세코리아,2023-04-13,2023-04-16
299,299,국문,전시일정," 제2전시장 4D홀",KNN 웨딩박람회,20230414 0000~20230416 0000,더리본주식회사,2023-04-14,2023-04-16
300,300,국문,전시일정," 제2전시장 4A~4C홀",2023 SCF 서브컬쳐 페스티벌,20230415 1000~20230416 1800,주식회사 뮤즐리,2023-04-15,2023-04-16
301,301,국문,전시일정," 제 1전시장 2~3홀 & 해상전시장",2023 부산국제보트쇼,20230421 1000~20230423 1800,"해양수산부, 부산광역시 /  한국해양레저네트워크, 벡스코, 해양레저장비산업협회",2023-04-21,2023-04-23
302,302,국문,전시일정," 제2전시장 4홀",2023 대한민국 펫산업박람회(케이펫페어 부산),20230421 1000~20230423 1800,(사) 한국 펫사료협회/ (주)메쎄이상,2023-04-21,2023-04-23
303,303,국문,전시일정," 제1전시장 회의실 217호",해양레저장비 표준 개발을 위한 산학연 공청회,20230421 0900~20230421 1800,벡스코 전시사업1실,2023-04-21,2023-04-21
304,304,국문,전시일정," 제1전시장  1홀",제22회 부산과학축전,20230422 1000~20230423 1700,"부산광역시, 부산광역시교육청 / 부산과학기술협의회, 부산광역시창의융합교육원",2023-04-22,2023-04-23
305,305,국문,전시일정," 제1전시장  2A홀",제33회 2023 부산창업박람회,20230427 1000~20230429 1700,선인커뮤니티㈜,2023-04-27,2023-04-29
306,306,국문,전시일정," 제1전시장  전관(1~3홀)",아트부산 2023,20230504 0000~20230507 0000,(사)아트쇼부산,2023-05-04,2023-05-07
307,307,국문,전시일정," 제1전시장  전관, 제2전시장 4A~4D홀",제11회 부산국제기계대전,20230516 1000~20230519 1700,"부산광역시, 부산시기계공업협동조합, 부산경남금형공업협동조합",2023-05-16,2023-05-19
308,308,국문,전시일정," 제1전시장  1~3홀, 제2전시장 4홀",2023 기후산업국제박람회,20230525 1000~20230527 1700,"산업통상자원부, 외교부, 국토교통부, 과학기술정보통신부, 환경부, 해양수산부, 행정안전부, 부산광역시, 부산세계박람회유치위원회, 대한상공회의소, 한국무역협회 / 한국에너지공단, 벡스코, 대한무역투자진흥공사 등",2023-05-25,2023-05-27
309,309,국문,전시일정," 제1전시장  1홀",부산콘텐츠마켓 2023,20230531 0000~20230602 0000,(사)부산콘텐츠마켓조직위원회,2023-05-31,2023-06-02
310,310,국문,전시일정," 제1전시장  3홀",2023 부산국제임신출산육아박람회(부산드림베이비페어) 상반기,20230601 1000~20230604 1800,(주)드림코리아,2023-06-01,2023-06-04
311,311,국문,전시일정," 제1전시장  2B홀",DIMF 2023,20230605 1000~20230607 1700,DN솔루션즈,2023-06-05,2023-06-07
312,312,국문,전시일정," 제1전시장 1홀, 2A홀",2023 부산국제조선해양대제전(2023 국제해양방위산업전 / 2023 국제항만·물류및해양환경산업전),20230607 1000~20230609 1700,"대한민국 해군, 대한민국 해병대, 부산광역시, 한국무역협회, 대한민국 해군발전협회, 부산조선해양기자재공업협동조합, 경연전람, 벡스코",2023-06-07,2023-06-09
313,313,국문,전시일정," 제1전시장  3홀",2023 코리아 캠핑카쇼,20230608 1000~20230611 1800,한국레저자동차산업협회 / 벡스코,2023-06-08,2023-06-11
314,314,국문,전시일정," 제1전시장  1, 2홀",2023 부산국제철도기술산업전,20230614 1000~20230617 1700,"부산광역시, 국가철도공단, 한국철도공사 / 벡스코, 메쎄 프랑크푸르트, 한국철도차량산업협회, 한국철도협회",2023-06-14,2023-06-17
315,315,국문,전시일정," 제1전시장  3A홀",2023 부산 차.공예 박람회,20230615 1000~20230618 1800,(주)메세코리아,2023-06-15,2023-06-18
316,316,국문,전시일정," 제2전시장 4F홀",BWC 부산 웨딩박람회,20230616 0000~20230618 0000,주식회사 비더블류씨,2023-06-16,2023-06-18
317,317,국문,전시일정," 제1전시장  1홀",제30회 부산국제식품대전,20230621 1000~20230624 1700,"한국식품안전관리인증원/한국산업마케팅연구원 ",2023-06-21,2023-06-24
318,318,국문,전시일정," 제1전시장  2홀",제13회 부산커피쇼,20230621 1000~20230624 1700,"(사)한국커피연합회, 한국산업마케팅연구원 부산지사",2023-06-21,2023-06-24
319,319,국문,전시일정," 제1전시장 3홀",2023 부산 홈·테이블데코페어,20230622 1000~20230625 1800,"케이엔엔, 리드케이훼어스, 까사리빙",2023-06-22,2023-06-25
320,320,국문,전시일정," 제2전시장 4C,D,E홀",2023 부산디자인위크,20230622 1030~20230625 1800,"(주)디자인하우스, KNN, 부산디자인진흥원 / 월간&lt;디자인&gt;",2023-06-22,2023-06-25
321,321,국문,전시일정," 제2전시장 4F홀",2023 국제보건미용EXPO,20230624 0900~20230624 1700,국제보건미용협회,2023-06-24,2023-06-24
322,322,국문,전시일정," 제1전시장  3B홀",부산 건축박람회/사인엑스포,20230629 0000~20230702 0000,(주)동아전람,2023-06-29,2023-07-02
323,323,국문,전시일정," 제1전시장  3A홀","부산 가구 엑스포 ",20230629 0000~20230702 0000,(주)동아전람,2023-06-29,2023-07-02
324,324,국문,전시일정," 제1전시장 2B홀",부산 문구·완구 및 사무용품·기프트 쇼/스포츠·레저 산업 박람회,20230629 0000~20230702 0000,(주)동아전람,2023-06-29,2023-07-02
325,325,국문,전시일정,"제1전시장 1~2A홀, 컨벤션홀",2023년 제5회 대한민국 사회적경제박람회 in 부산,20230630 0000~20230702 1800,"부산광역시, 사회적경제조직 8개단체 / 부산지역추진위원회, 한국사회적기업진흥원",2023-06-30,2023-07-02
326,326,국문,전시일정," 제2전시장 4(A-C)홀",2023 부산 반려동물 박람회,20230630 1000~20230702 1800,"㈜메세코리아 ",2023-06-30,2023-07-02
327,327,국문,전시일정," 제1전시장  3홀",2023 부산 브랜드페스타,20230707 1000~20230709 1700,"부산광역시, 부산CBS / 벡스코, 한국문화콘텐츠협회",2023-07-07,2023-07-09
328,328,국문,전시일정," 제1전시장  2B홀",대한민국 친환경 농특산품 및 중소기업 박람회,20230707 1000~20230711 1800,태한/부산MBC,2023-07-07,2023-07-11
329,329,국문,전시일정," 제1전시장  1홀",2023년 부산직업교육박람회,20230711 0000~20230713 0000,부산광역시교육청,2023-07-11,2023-07-13
330,330,국문,전시일정," 제1전시장  3홀",2023 제 35회 부산베이비&유아교육용품전,20230713 0000~20230716 0000,"(주)블루케이, (주)앤유",2023-07-13,2023-07-16
331,331,국문,전시일정," 제2전시장 4B홀",2023 부산MBC웨딩박람회 in 벡스코,20230714 0000~20230716 0000,부산문화방송(주),2023-07-14,2023-07-16
332,332,국문,전시일정," 제1전시장  2홀",2023 대입상담캠프,20230714 1000~20230715 1800,부산광역시교육청 학력개발원 진로진학지원센터,2023-07-14,2023-07-15
333,333,국문,전시일정," 제1전시장  3홀",K-핸드메이드&일러스트레이션페어 부산 2023,20230721 1100~20230723 1800,(주)한국국제전시,2023-07-21,2023-07-23
334,334,국문,전시일정," 제2전시장 5A홀",2023 일본유학박람회,20230805 1000~20230805 1800,독립행정법인 일본학생지원기구,2023-08-05,2023-08-05
335,335,국문,전시일정," 제1전시장  3B홀",레이카운티 공동구매 입주박람회,"20230812 1000~20230813 1800,1900",부경입주기획,2023-08-12,2023-08-13
336,336,국문,전시일정," 제2전시장 4A홀",렙타일페어,20230812 0000~20230813 0000,빅혼,2023-08-12,2023-08-13
337,337,국문,전시일정," 제1전시장  2A홀",우수중소기업 및 농특산품 선물 박람회,20230816 1000~20230820 1800,새벽전람 / 부산MBC,2023-08-16,2023-08-20
338,338,국문,전시일정," 제1전시장  3홀",2023 글로벌 헬스케어 위크,20230817 1000~20230819 1700,"부산광역시 / 벡스코, 부산테크노파크",2023-08-17,2023-08-19
339,339,국문,전시일정," 제1전시장  2B홀",2023 부산국제주류박람회,20230817 0000~20230820 0000,명진F&F,2023-08-17,2023-08-20
340,340,국문,전시일정," 제1전시장  1홀",부산인디커넥트페스티벌 2023,20230825 0000~20230827 0000,"부산정보산업진흥원, 인디라!, (사)한국모바일게임협회 / (사)부산인디커넥트페스티벌조직위원회",2023-08-25,2023-08-27
341,341,국문,전시일정," 제1전시장  3A홀",제17회 부산네일엑스포,20230825 0000~20230827 0000,(주)네일클럽/BINAIL 2023 조직위원회,2023-08-25,2023-08-27
342,342,국문,전시일정," 제2전시장 4B홀",BWC 부산 웨딩박람회,20230825 0000~20230827 0000,주식회사 비더블류씨,2023-08-25,2023-08-27
343,343,국문,전시일정," 제1전시장  2B홀",2023 라이프트렌드페어,20230825 1000~20230827 1800,(주)마루컨벤션,2023-08-25,2023-08-27
344,344,국문,전시일정," 제2전시장",2023  해양수산 취업박람회,20230830 1000~20230830 1700,해양수산부,2023-08-30,2023-08-30
345,345,국문,전시일정," 제1전시장  1홀, 2A홀",2023 국제환경에너지산업전,20230830 1000~20230901 1700,"부산광역시, 국제신문 / 벡스코, 투데이에너지, KOTRA",2023-08-30,2023-09-01
346,346,국문,전시일정," 제1전시장  3홀",제 20회 부산국제음식박람회,20230901 1000~20230903 1800,부산광역시 / (사)한국외식업중앙회부산광역시지회,2023-09-01,2023-09-03
347,347,국문,전시일정," 제1전시장  2B홀",2023 부산국제의료관광컨벤션,20230901 1000~20230902 1800,"부산광역시,부산일보사 / (사)부산권의료산업협의회",2023-09-01,2023-09-02
348,348,국문,전시일정," 제1전시장  1홀",2023 대한민국 해양안전 엑스포,20230904 1000~20230906 1800,"해양수산부, 부산광역시",2023-09-04,2023-09-06
349,349,국문,전시일정," 제1전시장 2B, 3A, 3B","2023 K-ICT WEEK in BUSAN (AI KOREA, CLOUD EXPO, IT EXPO)",20230906 1000~20230908 1700,"부산광역시, 과학기술정보통신부/부산정보산업진흥원, 정보통신산업진흥원, 벡스코, 디지틀조선일보",2023-09-06,2023-09-08
350,350,국문,전시일정," 제1전시장  2A홀",2023 제22회 하반기 카페위크 (부제:부산카페쇼),20230907 0000~20230910 0000,㈜블루케이,2023-09-07,2023-09-10
351,351,국문,전시일정,제2전시장 4A~4E홀,부산일러스트레이션페어V.4,20230907 1000~20230910 1800,오씨메이커스,2023-09-07,2023-09-10
352,352,국문,전시일정," 제1전시장  2홀",2023 인테리어디자인코리아 부산,20230914 1000~20230917 1800,(주)메쎄이상,2023-09-14,2023-09-17
353,353,국문,전시일정," 제1전시장  3홀",2023 부산코리아빌드,20230914 1000~20230917 1800,(주)메쎄이상,2023-09-14,2023-09-17
354,354,국문,전시일정," 제2전시장 4(A~B)홀",제34회 2023 부산창업박람회,20230914 0000~20230916 0000,선인커뮤니티 주식회사,2023-09-14,2023-09-16
355,355,국문,전시일정," 제1전시장  2B홀",2023 부산국제건축제,20230920 1000~20230924 1800,부산광역시 / (사)부산국제건축제조직위원회,2023-09-20,2023-09-24
356,356,국문,전시일정," 제1전시장  3홀",2023 부산 코베 베이비페어,20230921 1000~20230924 1800,(주)메쎄이상,2023-09-21,2023-09-24
357,357,국문,전시일정," 제1전시장  2A홀","2023 우수중소기업 및 농특산품 선물 박람회 ",20230922 1000~20230926 1800,새벽전람 / 부산MBC,2023-09-22,2023-09-26
358,358,국문,전시일정," 제2전시장 4(A~C)홀",2023 부산펫쇼,20230922 1000~20230924 1800,(주)KNN/(주)미래전람,2023-09-22,2023-09-24
359,359,국문,전시일정," 제2전시장 4(D~F)홀",2023 부산캣쇼,20230922 1000~20230924 1800,KNN/(주)미래전람,2023-09-22,2023-09-24
360,360,국문,전시일정," 제2전시장 4(B-F)홀",FLY ASIA 2023,20231005 0900~20231008 1800,부산광역시 / (재)부산테크노파크,2023-10-05,2023-10-08
361,361,국문,전시일정," 제1전시장  3홀",제24회 부산국제관광전,20231005 1000~20231008 1800,"부산광역시/부산광역시관광협회, (주)코트파",2023-10-05,2023-10-08
362,362,국문,전시일정," 제1전시장  1홀",2023 아시아콘텐츠&필름마켓,20231007 0000~20231010 0000,부산국제영화제 / 부산국제영화제,2023-10-07,2023-10-10
363,363,국문,전시일정," 제1전시장  2B, 3A홀",2023 패패부산,20231013 1000~20231015 1700,"부산광역시 / 부산테크노파크 신발패션진흥단, 한국산업용섬유협회, 부산섬유패션산업연합회, 부산패션섬유산업사업협동조합",2023-10-13,2023-10-15
364,364,국문,전시일정," 제2전시장 4F홀",2023 부산MBC웨딩박람회 in 벡스코,20231013 0000~20231015 0000,부산문화방송(주),2023-10-13,2023-10-15
365,365,국문,전시일정," 제2전시장 4(A~E)홀",2023 제12회 BFAA아트페어,20231013 0000~20231016 0000,사단법인 부산 미술협회/2023 BFAA아트페어 운영위원회,2023-10-13,2023-10-16
366,366,국문,전시일정," 제1전시장  1홀",2023 부산 의료기기 전시회 (KIMES BUSAN 2023),20231013 1000~20231015 1700,"한국이앤엑스, 한국의료기기공업협동조합, 한국의료기기산업협회, KNN",2023-10-13,2023-10-15
367,367,국문,전시일정," 제1전시장  2A홀",메디부산 2023 시민건강박람회,20231013 0000~20231015 0000,부산광역시/KNN,2023-10-13,2023-10-15
368,368,국문,전시일정," 제1전시장  2홀","2023 중소기업 기술,경영 혁신대전",20231017 1000~20231018 1700,"중소벤처기업부 / 이노비즈협회,메인비즈협회 / 참여: 중소벤처기업진흥공단,중소기업기술정보진흥원, 스마트제조혁신추진단,대한상공회의소,대중소기업농어업협력재단,기술보증기금,한국산학연협회",2023-10-17,2023-10-18
369,369,국문,전시일정," 제1전시장  3B홀",2023 지산학 엑스포,20231017 1000~20231019 1700,"부산광역시, 동반성장위원회 / 산학연협력서비스협동조합, 미래소재연구단",2023-10-17,2023-10-19
370,370,국문,전시일정," 제1전시장  1홀","2023 KB굿잡, 부산 잡(JOB) 페스티벌",20231018 1000~20231018 1700,"부산광역시, KB국민은행 / 부산경제진흥원 외",2023-10-18,2023-10-18
371,371,국문,전시일정," 제1전시장 1홀~제2전시장 4E홀",국제조선 및 해양산업전,20231024 1000~20231027 1700,"산업통상자원부, 부산광역시, 대한무역투자진흥공사, 한국조선해양플랜트협회, 한국조선해양기자재공업협동조합, 리드케이훼어스 유한회사, 벡스코",2023-10-24,2023-10-27
372,372,국문,전시일정," 제2전시장 5A홀",2023 부산 사이버보안 콘퍼런스,20231024 0900~20231025 1800,"부산광역시, 한국주택금융공사, 국가정보원 부산지부 / 한국정보보호학회, 영남권 정보보호영재교육원",2023-10-24,2023-10-25
373,373,국문,전시일정," 제2전시장 4(D-E)홀",2023 부산디지털혁신아카데미 JOB FAIR (BDIA 잡페어),20231031 1300~20231101 1800,부산광역시 / (재)부산정보산업진흥원,2023-10-31,2023-11-01
374,374,국문,전시일정," 제1전시장  1,2,3홀",2023 부산국제수산EXPO,20231101 1000~20231103 1700,"부산광역시/벡스코, 한국수산무역협회, 수협중앙회",2023-11-01,2023-11-03
375,375,국문,전시일정," 제1전시장  회의실 211-214호",KOFFST International Conference 2023,20231102 1200~20231102 1800,"한국수산과학총연합회 / 한국수산과학회, 한국어류학회, 한국어병학회, 한국수산해양기술학회, 한국패류학회",2023-11-02,2023-11-02
376,376,국문,전시일정," 제2전시장 4(D-E)홀",2023 부산 사회서비스 박람회,20231103 1300~20231104 1700,"부산광역시, 부산사회서비스원 / 부산사회서비스원",2023-11-03,2023-11-04
377,377,국문,전시일정," 제2전시장 4(A-F)홀",인베스트코리아써밋 2023,20231106 0000~20231108 0000,,2023-11-06,2023-11-08
378,378,국문,전시일정," 제1전시장  3B홀",2023 부산금융주간,20231109 1000~20231111 1700,"부산광역시 / 벡스코, 한국거래소, 글로벌핀테크산업진흥센터, 부산국제금융진흥원, 금융투자협회",2023-11-09,2023-11-11
379,379,국문,전시일정," 제1전시장  회의실 217-218호",2023 부산금융주간 개막식장,20231109 0900~20231109 1200,벡스코,2023-11-09,2023-11-09
380,380,국문,전시일정,옥외전시장,2023 통영수산식품대전,20231109 1000~20231111 1700,통영시 / (주)KNN,2023-11-09,2023-11-11
381,381,국문,전시일정,벡스코 전관,국제게임전시회 지스타 2023,20231116 1000~20231119 1800,"한국게임산업협회 / 지스타조직위원회, 부산정보산업진흥원",2023-11-16,2023-11-19
382,382,국문,전시일정," 제1전시장  1홀",2023 부산국제식품박람회,20231123 1000~20231126 1800,(주)메세코리아,2023-11-23,2023-11-26
383,383,국문,전시일정," 제1전시장  1홀","2023 부산 유기농,친환경,귀농귀촌 박람회",20231123 1000~20231126 1800,(주)메세코리아,2023-11-23,2023-11-26
384,384,국문,전시일정," 제2전시장 4(B-E)홀",2023 대한민국 정부 박람회,20231123 1000~20231125 1700,행정안전부 / 대통령직속 디지털플랫폼정부위원회,2023-11-23,2023-11-25
385,385,국문,전시일정," 제1전시장  2B홀",2023부산홈리빙&생활용품전시회(하),20231123 1000~20231126 1800,(주)메세코리아,2023-11-23,2023-11-26
386,386,국문,전시일정," 제1전시장  3B홀",2023 KFA 프랜차이즈 창업박람회 부산,20231123 1000~20231125 1700,사단법인 한국프랜차이즈산업협회 부산울산경남지회,2023-11-23,2023-11-25
387,387,국문,전시일정," 제2전시장 4A홀",제20회 더골프쇼 in 부산 Autumn,20231123 1000~20231126 1800,(주)이엑스스포테인먼트,2023-11-23,2023-11-26
388,388,국문,전시일정," 제1전시장  2A홀",2023 부산 차.공예 박람회,20231123 1000~20231126 1800,메세코리아,2023-11-23,2023-11-26
389,389,국문,전시일정," 제2전시장 4F홀",KNN 부산 웨딩박람회,20231124 0000~20231126 0000,더리본 주식회사,2023-11-24,2023-11-26
390,390,국문,전시일정," 제1전시장  2홀",2023 일학습병행 체험 박람회(경상권),20231128 1300~20231128 1700,"한국산업인력공단 / 고용부, 교육부, 부산광역시청, 부산시교육청 등 (변동예정)",2023-11-28,2023-11-28
391,391,국문,전시일정," 제2전시장 1층 4A홀, 3층 5A홀",제3회 지자체-대학 협력기반 지역혁신사업 성과포럼,20231128 0000~20231129 0000,"교육부,한국연구재단 / 지자체-대학협력기반 지역혁신사업발전협의회",2023-11-28,2023-11-29
392,392,국문,전시일정," 제2전시장 4(B-D)홀",2023 내일을 품은 부산 교육한마당,20231128 0000~20231129 0000,부산광역시교육청,2023-11-28,2023-11-29
393,393,국문,전시일정," 제1전시장  3B홀",제2회 호텔&레스토랑산업전,20231130 1000~20231202 1800,"벡스코, 에이치알(호텔앤레스토랑)",2023-11-30,2023-12-02
394,394,국문,전시일정," 제1전시장  3A홀",반다이남코코리아 FUN EXPO 2023,20231201 1000~20231203 1800,반다이남코코리아,2023-12-01,2023-12-03
395,395,국문,전시일정," 제1전시장  2홀",2023 부산국제주류&와인박람회,20231201 1100~20231203 1900,(주)한국국제전시,2023-12-01,2023-12-03
396,396,국문,전시일정," 제2전시장 4F홀",렙타일페어12 부산,20231202 0000~20231203 0000,빅혼,2023-12-02,2023-12-03
397,397,국문,전시일정," 제2전시장 4(C-F)홀",2023 부산국제아트페어,20231207 1000~20231211 1900,"사단법인 케이아트국제교류협회/케이아트, 2023 부산국제아트페어 운영위원회 ",2023-12-07,2023-12-11
398,398,국문,전시일정," 제1전시장  3홀",2023 부산국제임신출산육아박람회(드림베이비페어) 하반기,20231207 1000~20231210 1800,㈜드림코리아,2023-12-07,2023-12-10
399,399,국문,전시일정," 제2전시장 4A,B홀",2023 부산 반려동물 박람회(하),20231208 1000~20231210 1800,(주)메세코리아,2023-12-08,2023-12-10
400,400,국문,전시일정," 제1전시장  2B,3A홀",어반브레이크 엑스,20231214 0000~20231217 0000,"어반브레이크 조직위 / 어반브레이크 운영위, 어반컴플렉스",2023-12-14,2023-12-17
401,401,국문,전시일정," 제2전시장 4B홀",BWC 부산 웨딩박람회,20231215 0000~20231217 0000,주식회사 비더블류씨,2023-12-15,2023-12-17
402,402,국문,전시일정," 제1전시장  3B홀",2023 부산 핸드메이드페어 윈터,20231215 1000~20231217 1800,(주)마루컨벤션,2023-12-15,2023-12-17
403,403,국문,전시일정," 제1전시장  2A홀",2023 우수중소기업 및 농특산품 선물 박람회,20231222 1000~20231226 1800,새벽전람 / 부산MBC,2023-12-22,2023-12-26
404,404,국문,전시일정," 제2전시장 4B홀",2024 부산MBC웨딩박람회 in 벡스코,20240112 0000~20240114 0000,(주) 부산문화방송,2024-01-12,2024-01-14
405,405,국문,전시일정," 제1전시장 1,2A홀",2024 한국허벌라이프 스펙타큘라,20240119 0900~20240121 1800,(주)한국허벌라이프,2024-01-19,2024-01-21
406,406,국문,전시일정," 제1전시장  3홀",2024 제36회 부산 베이비&육아교육용품전,20240125 1000~20240128 1800,"(주)블루케이, (주)앤유",2024-01-25,2024-01-28
407,407,국문,전시일정," 제1전시장  2B홀",우수중소기업 및 농특산품 선물 박람회,20240126 1000~20240130 1800,새벽전람 / 부산 MBC,2024-01-26,2024-01-30
408,408,국문,전시일정," 제2전시장 4B홀",BWC 부산 웨딩박람회,20240216 0000~20240218 0000,주식회사 비더블류씨,2024-02-16,2024-02-18
409,409,국문,전시일정," 제2전시장 4B홀",제1회 친환경 · 스마트 조선해양산업 잡페스타,20240229 1000~20240229 1700,"교육부, 부산광역시 / 부산조선해양기자재공업협동조합, 부산지역혁신플랫폼 친환경ㆍ스마트선박사업단     ",2024-02-29,2024-02-29
410,410,국문,전시일정," 제2전시장 4B홀",렙타일페어,20240302 0000~20240303 0000,빅혼,2024-03-02,2024-03-03
411,411,국문,전시일정," 제1전시장  1홀~3A홀",2024 드론쇼코리아,20240306 1000~20240308 1700,"산업통상자원부, 과학기술정보통신부, 국토교통부, 국방부, 부산광역시 /벡스코, 한국무인기시스템협회",2024-03-06,2024-03-08
412,412,국문,전시일정," 제1전시장  3B홀",제4회 제일창업박람회 in 부산,20240307 1000~20240309 1700,제일창업경제신문 / (주)제일좋은전람,2024-03-07,2024-03-09
413,413,국문,전시일정," 제1전시장  2홀",2024 부산 카페쇼,20240314 1000~20240317 1800,(주)블루케이,2024-03-14,2024-03-17
414,414,국문,전시일정," 제1전시장  1홀",2024 부산 베이비페어,20240314 1000~20240317 1800,(주)메세코리아,2024-03-14,2024-03-17
415,415,국문,전시일정," 제2전시장 4B홀",부산 결혼&출산장려협회 부산웨딩박람회 in 벡스코,20240315 0000~20240317 2000,부산결혼&출산장려협회/BWB,2024-03-15,2024-03-17
416,416,국문,전시일정," 제1전시장  2B홀",2024년 세븐일레븐 상품전시회,20240321 0000~20240322 0000,(주)코리아세븐,2024-03-21,2024-03-22
417,417,국문,전시일정," 제2전시장 4(A-B)홀",제21회 더골프쇼 in 부산 Spring,20240321 1000~20240324 1800,(주)이엑스스포테인먼트,2024-03-21,2024-03-24
418,418,국문,전시일정," 제1전시장  3홀",2024 부산 캠핑&레저차량 박람회,20240322 1000~20240324 1800,(주)제이엠컴퍼니,2024-03-22,2024-03-24
419,419,국문,전시일정," 제1전시장  3B홀",제6회부산국제용접및판금.레이저설비산업전시회 + 제12회국제금속가공및공업로.열처리설지산업전시회,20240327 1000~20240329 1700," 메탈넷코리아(월간 금속&용접저널)",2024-03-27,2024-03-29
420,420,국문,전시일정," 제1전시장  1홀",제10회 대한민국 대표 특산물 직거래 박람회,20240328 1000~20240331 1800,대한민국 대표 특산물 직거래 박람회 조직위원회 / (주)한국전시산업원,2024-03-28,2024-03-31
421,421,국문,전시일정," 제1전시장  3A홀",2024 부산 건축 인테리어 전시회(상),20240328 1000~20240331 1800,부산MBC / (주)메세코리아,2024-03-28,2024-03-31
422,422,국문,전시일정," 제2전시장 4C홀~4F홀","BDEX 2024 ""부산 치의학 전시회 및 국제학술대회""",20240330 0900~20240331 1800,부산시치과의사회,2024-03-30,2024-03-31
423,423,국문,전시일정," 제1전시장  3홀",궁디팡팡 캣페스타,20240405 1000~20240407 1800,(주)캣페스타,2024-04-05,2024-04-07
424,424,국문,전시일정," 제2전시장 4(A-C)홀",2024 SCF 서브컬쳐 페스티벌,20240406 0000~20240407 0000,주식회사 뮤즐리 / SCG,2024-04-06,2024-04-07
425,425,국문,전시일정," 제1전시장 2,3홀",2024 BAMA 제13회 부산국제화랑아트페어,20240411 0000~20240414 0000,"(사)부산화랑협회, 2024 BAMA 조직위원회 / (사)부산화랑협회, 2024 BAMA 운영위원회",2024-04-11,2024-04-14
426,426,국문,전시일정," 제2전시장 4F홀",KNN웨딩박람회,20240412 0000~20240414 0000,(주)더리본 주식회사,2024-04-12,2024-04-14
427,427,국문,전시일정," 제1전시장  1홀",제23회 부산과학축전,20240413 1000~20240414 1800,"부산광역시, 부산광역시 교육청 / 부산과학기술협의회, 부산광역시교육청 창의융합교육원",2024-04-13,2024-04-14
428,428,국문,전시일정," 제1전시장 회의실 216-218호",2024 부산국제보트쇼 VIP대기실 및 부대행사,20240419 0900~20240419 1800,"해양수산부,부산광역시/벡스코",2024-04-19,2024-04-19
429,429,국문,전시일정,벡스코 제1전시장 & 해상전시장	,2024 부산국제보트쇼,20240419 1000~20240421 1800,"해양수산부, 부산광역시 / 한국해양레저네트워크, 벡스코, 해양레저장비산업협회",2024-04-19,2024-04-21
430,430,국문,전시일정," 제1전시장  3B홀",우수중소기업 및 농특산품 선물 박람회,20240419 1000~20240423 1800,(주)새벽전람,2024-04-19,2024-04-23
431,431,국문,전시일정," 제1전시장 1홀",2024 부산국제원자력에너지산업전,20240424 0000~20240426 0000,"부산광역시, 한국원자력산업협회/벡스코",2024-04-24,2024-04-26
432,432,국문,전시일정," 제1전시장  2B홀",2024 부산 홈리빙&생활용품전시회(상),20240425 1000~20240428 1800,(주)메세코리아,2024-04-25,2024-04-28
433,433,국문,전시일정," 제1전시장  2A홀",제35회 2024 부산 창업박람회,20240425 1000~20240427 1700,선인커뮤니티 주식회사,2024-04-25,2024-04-27
434,434,국문,전시일정," 제1전시장  3홀",제4회 대한민국 대표 축제 박람회,20240426 1000~20240428 1800,(사)한국지방신문협회 / (주)한국전시산업원,2024-04-26,2024-04-28
435,435,국문,전시일정," 제2전시장 4홀",2024 대한민국 펫산업박람회(케이펫페어 부산),20240426 0000~20240428 0000,(사)한국펫사료협회 / 주식회사 메쎄이상,2024-04-26,2024-04-28
436,436,국문,전시일정," 제1전시장  1홀, 2홀",2024 월드오브커피 & 월드바리스타챔피언십  부산,20240501 1000~20240504 1700,"부산광역시, Specialty Coffee Association(SCA)  /  엑스포럼",2024-05-01,2024-05-04
437,437,국문,전시일정," 제1전시장  3홀",2024 제34회 부산드림베이비페어,20240502 1000~20240505 1800,(주)드림코리아,2024-05-02,2024-05-05
438,438,국문,전시일정," 제1전시장 1-3A홀",아트부산 2024,20240509 0000~20240512 0000,(사)아트쇼부산 / ㈜아트부산,2024-05-09,2024-05-12
439,439,국문,전시일정," 제1전시장  2홀",2024 글로벌헬스케어위크,20240516 1000~20240518 1700,"부산광역시/벡스코, 부산테크노파크, 부산일보, KOTRA",2024-05-16,2024-05-18
440,440,국문,전시일정," 제1전시장 회의실 314-315호",2024 글로벌 헬스케어 유공자 시상식,20240516 1330~20240516 1500,"부산광역시/벡스코, 부산테크노파크,  부산일보, KOTRA",2024-05-16,2024-05-16
441,441,국문,전시일정," 제1전시장  3홀 및 회의실 등",부산콘텐츠마켓 2024,20240522 0900~20240524 1800,사단법인부산콘텐츠마켓조직위원회,2024-05-22,2024-05-24
442,442,국문,전시일정," 제1전시장  1홀",제31회 부산국제식품대전,20240529 1000~20240601 1700,한국산업마케팅연구원,2024-05-29,2024-06-01
443,443,국문,전시일정," 제1전시장 2홀",제14회 부산커피쇼,20240529 1000~20240601 1700,"한국산업마케팅연구원,(사)한국커피연합회",2024-05-29,2024-06-01
444,444,국문,전시일정," 제1전시장  3홀",2024 부산 홈·테이블데코페어,20240530 1000~20240602 1700,"KNN, 리드케이훼어스, 까사리빙",2024-05-30,2024-06-02
445,445,국문,전시일정,제1전시장  1홀,제5회 부산 가구 엑스포,20240606 1000~20240609 1800,(주)동아전람,2024-06-06,2024-06-09
446,446,국문,전시일정,제1전시장  1홀,제8회 부산 스포츠·레저·골프산업 박람회,20240606 1000~20240609 1800,(주)동아전람,2024-06-06,2024-06-09
447,447,국문,전시일정,제1전시장  2A홀,2024 부산 툴쇼(공구전),20240606 1000~20240609 1800,(주)동아전람,2024-06-06,2024-06-09
448,448,국문,전시일정," 제1전시장  1홀",제5회 부산 기프트 쇼,20240606 1000~20240609 1800,(주)동아전람,2024-06-06,2024-06-09
449,449,국문,전시일정," 제1전시장  2A홀",제8회 부산 건축박람회,20240606 1000~20240609 1800,(주)동아전람,2024-06-06,2024-06-09
450,450,국문,전시일정," 제1전시장  2B홀",2024 부산 차·공예 박람회(상),20240613 1000~20240616 1800,(주)메세코리아,2024-06-13,2024-06-16
451,451,국문,전시일정," 제1전시장  3홀 ",2024 부산브랜드페스타 (Busan Brand Festa 2024),20240614 1000~20240616 1800,"부산광역시, 부산CBS / 벡스코, 문화콘텐츠협회 / 후원 : 기술보증기금, 한국남부발전, 한국예탁결제원, 한국자산관리공사, 한국주택금융공사, BNK부산은행 등",2024-06-14,2024-06-16
452,452,국문,전시일정,벡스코 제2전시장 1층 4(B-F)홀,2024 코리아캠핑카쇼,20240627 1000~20240630 1800,(사)한국레저자동차산업협회 / 벡스코,2024-06-27,2024-06-30
453,453,국문,전시일정," 컨벤션홀 회의실 105,106호",르노코리아 테크니컬 세션,20240627 0000~20240628 0000,르노코리아,2024-06-27,2024-06-28
454,454,국문,전시일정,BEXCO 제1전시장 및 제2전시장 4홀,2024 부산모빌리티쇼,20240628 1000~20240707 1800,"부산광역시 / (총괄)BEXCO, (공동) KAMA, KAIDA, KAICA",2024-06-28,2024-07-07
455,455,국문,전시일정," 제2전시장 4홀(B-F)",2024 부산국제모빌리티쇼 자동차 이동체 소재부품장비 및 용품서비스전,20240703 1000~20240705 1700,"부산국제모빌리티쇼 조직위원회 / 벡스코,한국산업전람",2024-07-03,2024-07-05
456,456,국문,전시일정," 제2전시장 4홀(B-F)",제 1회 부산국제로봇자동화산업전시회,20240703 1000~20240705 1700,"부산로봇엑스포조직위 / 벡스코, 한국산업전람",2024-07-03,2024-07-05
457,457,국문,전시일정," 제1전시장  2홀",2024년 부산직업교육박람회,20240711 0900~20240712 1700,부산광역시교육청,2024-07-11,2024-07-12
458,458,국문,전시일정," 제1전시장  3홀",2024 제37회 부산베이비&유아교육용품전,20240718 1000~20240721 0000,"(주)블루케이, (주)앤유",2024-07-18,2024-07-21
459,459,국문,전시일정," 제2전시장 4F홀",BWB 웨딩박람회,20240719 0000~20240721 0000,부산결혼&출산장려협회,2024-07-19,2024-07-21
460,460,국문,전시일정," 제1전시장  2B홀",월드캠프 참가자를 위한 글로벌휴게소,20240722 1000~20240725 1800,트루맨즈,2024-07-22,2024-07-25
461,461,국문,전시일정," 제2전시장 4(E,F)홀",K-일러스트레이션페어 부산 2024,20240726 1100~20240728 1800,㈜한국국제전시,2024-07-26,2024-07-28
462,462,국문,전시일정," 제1전시장  3B홀",우수중소기업 및 농특산품 선물 박람회,20240726 1000~20240730 1800,(주)새벽전람,2024-07-26,2024-07-30
463,463,국문,전시일정," 제2전시장 4(C,D)홀",K-핸드메이드페어 부산 2024,20240726 1100~20240728 1800,(주)한국국제전시,2024-07-26,2024-07-28
464,464,국문,전시일정," 제1전시장  3홀",2024 부산 캠핑&레저차량 박람회 (하반기),20240802 1000~20240804 1800,(주)제이엠컴퍼니,2024-08-02,2024-08-04
465,465,국문,전시일정," 제2전시장 5A홀",2024 일본유학박람회,20240803 1000~20240803 1600,독립행정법인 일본학생지원기구,2024-08-03,2024-08-03
466,466,국문,전시일정," 제1전시장  3B홀",2024부산국제불교박람회,20240808 1000~20240811 1800,"불교방송, BBS불교방송",2024-08-08,2024-08-11
467,467,국문,전시일정," 제1전시장  3A홀",네일엑스포 부산 2024,20240816 0900~20240818 1800,한국네일협회 / (주)네일클럽,2024-08-16,2024-08-18
468,468,국문,전시일정," 제2전시장 4(D-F)홀",2024 부산 어린이박람회,20240816 1000~20240817 1700,채널A /어린이박람회 조직위원회,2024-08-16,2024-08-17
469,469,국문,전시일정," 제1전시장  1홀",부산 인디커넥트페스티벌 2024,20240816 1000~20240818 1800,"(사)부산인디커넥트페스티벌조직위원회, (재)부산정보산업진흥원,  인디라!인디게임개발자모임, (사)한국모바일게임협회",2024-08-16,2024-08-18
470,470,국문,전시일정," 제1전시장  2홀",2024 부산국제주류박람회,20240816 0000~20240818 0000,명진F&F,2024-08-16,2024-08-18
471,471,국문,전시일정," 제1전시장  3B홀",2024 삼성웰스토리 푸드페스타 in 부산,20240821 1000~20240821 1700,삼성웰스토리,2024-08-21,2024-08-21
472,472,국문,전시일정," 제2전시장 4B홀",BWC 웨딩박람회,20240823 0000~20240825 0000,주식회사 비더블류씨,2024-08-23,2024-08-25
473,473,국문,전시일정,제 2전시장 4(E-F),제1회 북앤콘텐츠페어,20240823 1000~20240825 1800,㈜마루컨벤션,2024-08-23,2024-08-25
474,474,국문,전시일정," 제2전시장 4(B-D)홀",2024 부산 반려동물 박람회,20240830 1000~20240901 1800,(주)메세코리아,2024-08-30,2024-09-01
475,475,국문,전시일정," 제2전시장 4E홀",렙타일페어,20240831 0000~20240901 0000,빅혼,2024-08-31,2024-09-01
476,476,국문,전시일정,"벡스코 컨벤션홀, 제1전시장, 제2전시장",2024 기후산업국제박람회,20240904 1000~20240906 1700,"산업부, 환경부, 외교부, 국토부, 해수부, 과기부, 중기부, 탄녹위, 금융위, 기상청 등, 공동 주최 : 국제에너지기구(IEA)) /  한국에너지공단 등 관계기관",2024-09-04,2024-09-06
477,477,국문,전시일정," 제2전시장 4홀",제 18회 국제환경에너지산업전,20240904 1000~20240906 1700,"부산광역시, 국제신문",2024-09-04,2024-09-06
478,478,국문,전시일정," 제1전시장 1,2홀",2024 대한민국 안전산업 박람회 K SAFETY EXPO 2024,20240910 1000~20240912 1700,"행정안전부, 부산광역시/ 벡스코, 한국재난안전산업기술연구조합, 부산테크노파크, 코트라",2024-09-10,2024-09-12
479,479,국문,전시일정," 제2전시장 4홀",K-ICT WEEK in BUSAN 2024,20240910 1000~20240912 1700,"부산광역시, 과학기술정보통신부, 부산시교육청 / 부산정보산업진흥원, 정보통신산업진흥원, 벡스코",2024-09-10,2024-09-12
480,480,국문,전시일정," 제1전시장  3A홀",2024 대한민국 해양 모빌리티·안전 엑스포,20240910 1000~20240912 1800,"해양수산부, 부산광역시 / 부산일보사",2024-09-10,2024-09-12
481,481,국문,전시일정," 제1전시장  3B홀",2024년 해양수산 취업박람회,20240910 1000~20240910 1700,"해양수산부, 대한민국 해군",2024-09-10,2024-09-10
482,482,국문,전시일정," 제1전시장  3B홀",우수중소기업 및 농특산품 선물 박람회,20240912 1000~20240916 1800,(주)새벽전람,2024-09-12,2024-09-16
483,483,국문,전시일정," 제1전시장  3홀",2024년 창의융합한마당,20240920 1000~20240921 1700,부산광역시교육청창의융합교육원,2024-09-20,2024-09-21
484,484,국문,전시일정," 제1전시장  2홀",2024 인테리어디자인코리아 부산,20240926 1000~20240929 1800,(주)메쎄이상,2024-09-26,2024-09-29
485,485,국문,전시일정," 제2전시장 4(A-B)홀",제36회 2024 부산창업박람회,20240926 1000~20240928 1700,선인커뮤니티 주식회사,2024-09-26,2024-09-28
486,486,국문,전시일정," 제1전시장  3B홀",2024 우수급식·외식산업전,20240926 1000~20240928 1700,"(주)대한급식신문사, (주)메쎄E&D, (주)KNN",2024-09-26,2024-09-28
487,487,국문,전시일정," 제1전시장  1홀",2024 부산 코리아빌드,20240926 1000~20240929 1800,(주)메쎄이상,2024-09-26,2024-09-29
488,488,국문,전시일정," 제1전시장  3A홀",2024부산국제트래블페어,20240927 1000~20240929 1800,부산광역시/부산광역시관광협회,2024-09-27,2024-09-29
489,489,국문,전시일정," 제2전시장 4F홀",W웨딩박람회,20240927 1100~20240929 1900,더블유웨딩,2024-09-27,2024-09-29
490,490,국문,전시일정," 제1전시장  3홀",아시아창업엑스포 (FLY ASIA 2024),20241001 1000~20241002 1800,"부산광역시 / 부산테크노파크, FLY ASIA 2024 운영위원회",2024-10-01,2024-10-02
491,491,국문,전시일정," 제1전시장  1홀",2024 부산 코베 베이비페어&유아교육전,20241003 1000~20241006 1800,주식회사 메쎄이상,2024-10-03,2024-10-06
492,492,국문,전시일정," 제1전시장  2A홀",2024 부산 카페쇼(하반기),20241003 1000~20241006 1800,(주)블루케이,2024-10-03,2024-10-06
493,493,국문,전시일정," 제1전시장  3홀",제21회 부산국제음식박람회,20241004 1000~20241006 1800,부산광역시/(사)한국외식업중앙회부산광역시지회,2024-10-04,2024-10-06
494,494,국문,전시일정," 제2전시장 4(A-D)홀",2024 제13회 BFAA국제아트페어,20241011 1000~20241014 1900,"사단법인 부산미술협회, 부산경남대표방송KNN / 2024 BFAA부산미술협회 국제아트페어 운영위원회",2024-10-11,2024-10-14
495,495,국문,전시일정," 제1전시장 ",2024 국제해양플랜트전시회,20241016 1000~20241018 1700,"산업통상자원부, 부산광역시/부산조선해양기자재공업협동조합, BEXCO, 경연전람, KOTRA, KOSHIPA",2024-10-16,2024-10-18
496,496,국문,전시일정," 제1전시장  3홀",2024 부산 의료기기 전시회 (KIMES BUSAN 2024),20241018 1000~20241020 1700,"한국이앤엑스, 한국의료기기공업협동조합, 한국의료기기산업협회, KNN",2024-10-18,2024-10-20
497,497,국문,전시일정," 제1전시장  2B홀",2024 지역의료분권포럼,20241018 0000~20241020 0000,KNN,2024-10-18,2024-10-20
498,498,국문,전시일정," 제2전시장 4홀",2024 부산펫쇼,20241018 1000~20241020 1800,"KNN / (주)미래전람 ",2024-10-18,2024-10-20
499,499,국문,전시일정," 제1전시장  2홀",2024 박물관·미술관 박람회,20241024 1000~20241027 1800,"문화체육관광부 / (사)한국박물관협회, 디자인하우스, 벡스코",2024-10-24,2024-10-27
500,500,국문,전시일정," 제1전시장  3홀",부산 디자인 페스티벌,20241024 1030~20241027 1800,"KNN, 디자인하우스",2024-10-24,2024-10-27
501,501,국문,전시일정," 제1전시장  1홀",2024 부산 잡(JOB) 페스티벌,20241024 1000~20241024 1700,"부산광역시, BNK 부산은행 / 부산경제진흥원, 부산조선해양기자재공업협동조합",2024-10-24,2024-10-24
502,502,국문,전시일정," 제2전시장 4F홀",2024 부산MBC웨딩박람회 in 벡스코,20241025 1100~20241027 1900,부산문화방송(주),2024-10-25,2024-10-27
503,503,국문,전시일정," 제2전시장 4(E-F)홀",2024 부산 미아트페스티벌,20241029 0900~20241030 1800,"부산광역시 / 대한네일미용사회 부산시지회, 대한미용사회 부산시협의회, 한국피부미용사회 부산시지회",2024-10-29,2024-10-30
504,504,국문,전시일정," 제1전시장  2홀",2024 패패부산-PFB(부산국제신발섬유패션전시회),20241031 1000~20241102 1700," 부산광역시 / (총괄) 부산테크노파크 신발패션진흥단 (공동) 부산섬유패션산업연합회, 부산패션섬유산업사업협동조합 (후원) 산업통상자원부",2024-10-31,2024-11-02
505,505,국문,전시일정," 제2전시장 4(A-D)홀",부산일러스트레이션페어 V.5,20241101 1000~20241103 1800,오씨메이커스,2024-11-01,2024-11-03
506,506,국문,전시일정," 제2전시장 4홀",2024 산학연협력 EXPO,20241106 1000~20241108 1800,"교육부, 과학기술정보통신부, 부산시 / 한국연구재단",2024-11-06,2024-11-08
507,507,국문,전시일정," 제2전시장 5E홀",2024 부산 사이버보안 콘퍼런스,20241106 1000~20241107 1800,"부산광역시, 한국주택금융공사, 국가정보원 / 한국정보보호학회, 영남권 정보보호영재교육원협의회",2024-11-06,2024-11-07
508,508,국문,전시일정," 제1전시장  1-3A홀",2024 부산국제수산엑스포,20241106 1000~20241108 1700,"부산광역시 / 벡스코, 한국수산무역협회, 수협중앙회, 중소기업유통센터",2024-11-06,2024-11-08
509,509,국문,전시일정," 제2전시장 5(A-D)홀",2024 부산교육한마당,20241106 1000~20241108 1730,부산광역시교육청,2024-11-06,2024-11-08
510,510,국문,전시일정," 제1전시장  3B홀",2024 부산국제의료관광컨벤션,20241108 1000~20241109 1800,"부산광역시, 부산일보사 / (사)부산권의료산업협의회",2024-11-08,2024-11-09
511,511,국문,전시일정,벡스코 전관,2024 국제게임전시회 지스타,20241114 1000~20241117 1800,"한국게임산업협회 / 지스타조직위원회, 부산정보산업진흥원",2024-11-14,2024-11-17
512,512,국문,전시일정," 제2전시장 4(D,E,F)홀",2024 부산 ICT 일자리박람회,20241120 1000~20241120 1700,부산광역시/(재)부산정보산업진흥원,2024-11-20,2024-11-20
513,513,국문,전시일정," 제1전시장  3B홀",2024 부산 유기농·친환경·귀농귀촌 박람회,20241121 1000~20241124 1800,(주)메세코리아/(주)메세코리아,2024-11-21,2024-11-24
514,514,국문,전시일정," 제1전시장  2A홀",2024 부산 차.공예 박람회(하),20241121 1000~20241124 1800,(주)메세코리아 / (주)메세코리아,2024-11-21,2024-11-24
515,515,국문,전시일정," 제1전시장  2B홀",2024 부산 홈리빙&생활용품 전시회,20241121 1000~20241124 1800,(주)메세코리아 / (주)메세코리아,2024-11-21,2024-11-24
516,516,국문,전시일정," 제1전시장  3A홀",2024 부산 식품 박람회,20241121 1000~20241124 1800,(주)메세코리아 / (주)메세코리아,2024-11-21,2024-11-24
517,517,국문,전시일정," 제2전시장 4F홀",KNN 웨딩박람회,20241122 0000~20241124 0000,더리본 주식회사,2024-11-22,2024-11-24
518,518,국문,전시일정," 제2전시장 5홀",YESDEX 2024 영남 국제치과학술대회 및 기자재전시회,20241123 0900~20241124 1700,울산 경북 경남 부산 대구 치과의사회 / YESDEX 2024 조직위원회,2024-11-23,2024-11-24
519,519,국문,전시일정," 제1전시장  3B홀",2024 통영수산식품대전,20241128 0900~20241201 1800,통영시 / KNN,2024-11-28,2024-12-01
520,520,국문,전시일정," 제1전시장  2홀",2024 부산국제아동도서전,20241128 1000~20241201 1900,"대한출판문화협회 / 서울국제도서전, 벡스코",2024-11-28,2024-12-01
521,521,국문,전시일정," 제1전시장  3A홀",2024 KFA 프랜차이즈 창업박람회 부산,20241128 1000~20241130 1700,한국프랜차이즈산업협회 부산울산경남지회,2024-11-28,2024-11-30
522,522,국문,전시일정," 제2전시장 4(A~C)홀",2024 부산캣쇼,20241129 1000~20241201 1800,KNN/미래전람,2024-11-29,2024-12-01
523,523,국문,전시일정," 제1전시장  2A홀",2024 호텔&레스토랑 산업전,20241204 1000~20241206 1700,호텔&레스토랑 매거진 / 벡스코,2024-12-04,2024-12-06
524,524,국문,전시일정," 제1전시장  3홀",2024 드림베이비페어 하반기,20241205 1000~20241208 1800,(주)드림코리아,2024-12-05,2024-12-08
525,525,국문,전시일정," 제2전시장 4(C-F)홀",제23회 유니세프와 함께하는 2024 부산국제아트페어,20241205 1000~20241208 1900,케이아트국제교류협회,2024-12-05,2024-12-08
526,526,국문,전시일정," 제1전시장  1홀",2024 부산국제주류&와인박람회,20241206 1100~20241208 1900,㈜한국국제전시,2024-12-06,2024-12-08
527,527,국문,전시일정,제 1전시장 2B홀,2024 부산핸드메이드페어 윈터,20241206 1000~20241208 1800,(주)마루컨벤션,2024-12-06,2024-12-08
528,528,국문,전시일정," 제1전시장  3B홀",겨울맞이 우수중소기업 및 농특산품 선물 박람회,20241212 1000~20241216 1800,(주)새벽전람,2024-12-12,2024-12-16
529,529,국문,전시일정," 제2전시장 4B홀",BWC 웨딩박람회,20241220 0000~20241222 0000,주식회사 비더블류씨/주식회사 비더블류씨,2024-12-20,2024-12-22
530,530,국문,전시일정," 제2전시장 4A홀",렙타일페어,20241221 0000~20241222 0000,빅혼,2024-12-21,2024-12-22
531,531,국문,전시일정," 제1전시장  3홀",제38회 부산 드림베이비페어 & 유아교육전,20250123 1000~20250126 1800,"(주)앤유, (주) 블루케이 / (주)앤유, (주)블루케이",2025-01-23,2025-01-26
532,532,국문,전시일정," 제1전시장  2B홀",설맞이 우수중소기업 및 농특산품 선물 박람회,20250123 1000~20250127 1800,(주)새벽전람,2025-01-23,2025-01-27
533,533,국문,전시일정," 제1전시장  2B홀",제26회 부산카페쇼,20250213 1000~20250216 1800,(주)블루케이,2025-02-13,2025-02-16
534,534,국문,전시일정," 제2전시장 4(A-C)홀",2025 PET&MORE 부산 반려동물 박람회,20250214 1000~20250216 1800,(주)메세코리아,2025-02-14,2025-02-16
535,535,국문,전시일정," 제1전시장  2B홀",제5회 제일창업박람회 in 부산,20250220 1000~20250222 1700,제일좋은전람,2025-02-20,2025-02-22
536,536,국문,전시일정," 제2전시장 4B홀",BWC 웨딩박람회,20250221 0000~20250223 0000,주식회사 비더블류씨,2025-02-21,2025-02-23
537,537,국문,전시일정," 제1전시장  1홀, 2홀, 3홀",DSK 2025 (드론쇼코리아),20250226 1000~20250228 1700,산업통상자원부 / 국토교통부 / 국방부 / 우주항공청 / 부산광역시,2025-02-26,2025-02-28
538,538,국문,전시일정," 제2전시장 4(E-F)홀",코리아 렙타일포럼 in 부산,20250301 0000~20250302 0000,"THE ZOO, Proven",2025-03-01,2025-03-02
539,539,국문,전시일정," 제1전시장  1홀",2025 부산 건축 인테리어 전시회,20250306 1000~20250309 1800,부산MBC / (주)메세코리아,2025-03-06,2025-03-09
540,540,국문,전시일정," 제1전시장  1홀",2025 부산 홈리빙&생활용품 전시회,20250306 1000~20250309 1800,(주)메세코리아,2025-03-06,2025-03-09
541,541,국문,전시일정," 제1전시장  2B홀",새봄맞이 우수중소기업 및 농특산품 선물 박람회,20250307 1000~20250311 1800,(주)새벽전람,2025-03-07,2025-03-11
542,542,국문,전시일정," 제1전시장  1홀",2025 부산베이비페어,20250313 1000~20250316 1800,(주)메세코리아,2025-03-13,2025-03-16
543,543,국문,전시일정," 제1전시장  2A홀",제11회 대한민국 대표 특산물 직거래 박람회,20250320 1000~20250323 1800,대한민국 대표 특산물 직거래 박람회 조직위원회 / (주)한국전시산업원,2025-03-20,2025-03-23
544,544,국문,전시일정," 제1전시장  1홀","제5회 대한민국 대표 축제박람회 ",20250321 1000~20250323 1800,"한국지방신문협회 / 한국전시산업원 ",2025-03-21,2025-03-23
545,545,국문,전시일정," 제2전시장 4E홀",BWB 웨딩박람회,20250321 1100~20250323 1900,부산결혼&출산장려협회,2025-03-21,2025-03-23
546,546,국문,전시일정," 제2전시장 4B홀",제22회 JTBC GOLF x 더골프쇼 in 부산 시즌1,20250327 1000~20250330 1800,"(주)이엑스스포테인먼트, JTBC GOLF",2025-03-27,2025-03-30
547,547,국문,전시일정," 제1전시장  1홀",궁디팡팡 캣페스타,20250328 1000~20250330 1800,(주)캣페스타,2025-03-28,2025-03-30
548,548,국문,전시일정," 제1전시장  3A홀",DIMF 2025 (DN Solutions International Machine Tool Fair),20250402 1000~20250405 1700,DN솔루션즈,2025-04-02,2025-04-05
549,549,국문,전시일정," 제1전시장  1홀, 2홀",2025 BAMA 부산국제화랑 아트페어,20250404 1100~20250406 1900,"부산화랑협회, 2025 BAMA 조직위원회",2025-04-04,2025-04-06
550,550,국문,전시일정," 제2전시장 4(E-F)홀",렙타일페어,20250405 1100~20250406 1800,빅혼,2025-04-05,2025-04-06
551,551,국문,전시일정," 제1전시장  3홀",제24회 부산과학축전,20250412 1000~20250413 1700,"부산광역시, 부산광역시교육청 / 부산과학기술협의회(부산과학문화거점센터), 부산광역시교육청창의융합교육원",2025-04-12,2025-04-13
552,552,국문,전시일정," 제1전시장  1홀",2025 부산가구쇼,20250417 1000~20250420 1800,네모전람(주),2025-04-17,2025-04-20
553,553,국문,전시일정," 제2전시장 4F홀",KNN웨딩박람회 in 벡스코,20250418 1100~20250420 1900,(주)더리본주식회사,2025-04-18,2025-04-20
554,554,국문,전시일정," 제1전시장  2홀, 3홀",2025 부산국제보트쇼,20250418 1000~20250420 1800,"해양수산부, 부산광역시 / 한국해양레저네트워크, 벡스코, 해양레저장비산업협회",2025-04-18,2025-04-20
555,555,국문,전시일정," 제2전시장 4E홀",한국전람(주) 유학·이민 박람회 in 부산,20250418 1000~20250419 1800,한국전람(주) / 한국전람(주),2025-04-18,2025-04-19
556,556,국문,전시일정," 제2전시장 4(A-D)홀",2025 부산 캠핑&레저차량 박람회,20250418 1000~20250420 1800,주식회사 제이엠컴퍼니,2025-04-18,2025-04-20
557,557,국문,전시일정," 제1전시장  1홀",2025 공동주택관리산업박람회,20250424 1000~20250426 1700,대한주택관리사협회 부산시회 / 벡스코,2025-04-24,2025-04-26
558,558,국문,전시일정," 제1전시장  2A홀",제37회 2025 부산창업박람회,20250424 1000~20250426 1700,선인커뮤니티 주식회사,2025-04-24,2025-04-26
559,559,국문,전시일정," 제1전시장  2B홀",2025 부산(상) 국제식품 박람회,20250424 1000~20250427 1800,(주)메세코리아,2025-04-24,2025-04-27
560,560,국문,전시일정," 제2전시장 4(A-F)홀",2025 케이펫페어 부산,20250425 1000~20250427 1800,(사)한국펫사료협회 / (주)메쎄이상,2025-04-25,2025-04-27
561,561,국문,전시일정," 제1전시장 1-2홀",아트부산 2025,20250508 1100~20250511 1900,(주)아트부산 / (사)아트쇼부산,2025-05-08,2025-05-11
562,562,국문,전시일정," 제2전시장 4F홀",W웨딩박람회 in 벡스코,20250516 1100~20250518 1900,(주)더블유웨딩,2025-05-16,2025-05-18
563,563,국문,전시일정," 제1전시장, 제2전시장4(A-E)홀",제12회 부산국제기계대전,20250520 1000~20250523 1700,"부산광역시, 부산시기계공업협동조합, 부산경남금형공업협동조합 / 한국산업마케팅연구원, 대한무역투자진흥공사",2025-05-20,2025-05-23
564,564,국문,전시일정," 제1전시장 1홀, 2홀",2025 국제해양방위산업전(MADEX),20250528 1000~20250531 1700,대한민국 해군 / 대한민국 해병대 / 부산광역시 / 한국무역협회 / 대한민국 해군협회 / 부산조선해양기자재공업협동조합 / 경연전람 / 벡스코,2025-05-28,2025-05-31
565,565,국문,전시일정," 제1전시장  3홀",부산콘텐츠마켓2025,20250528 0900~20250530 1800,(사)부산콘텐츠마켓조직위원회,2025-05-28,2025-05-30
566,566,국문,전시일정," 제1전시장  3홀",제36회 부산 드림베이비페어,20250605 1000~20250608 1800,(주)드림코리아,2025-06-05,2025-06-08
567,567,국문,전시일정," 제1전시장 1홀",부산 스포츠·레저·골프박람회/기프트쇼/가구엑스포,20250605 1000~20250608 1800,(주)동아전람,2025-06-05,2025-06-08
568,568,국문,전시일정," 제1전시장  2A홀",제9회 부산 건축박람회,20250605 1000~20250608 1800,(주)동아전람,2025-06-05,2025-06-08
569,569,국문,전시일정," 제2전시장 4(A-E)홀",2025 코리아 캠핑카쇼,20250605 1000~20250608 1800,한국레저자동차산업협회 / 벡스코,2025-06-05,2025-06-08
570,570,국문,전시일정," 제2전시장 4F홀",비더블류씨 웨딩박람회,20250613 1100~20250615 1900,주식회사 비더블류씨,2025-06-13,2025-06-15
571,571,국문,전시일정," 제1전시장 1-2홀",2025 부산국제철도기술산업전,20250618 1000~20250621 1700,"부산광역시, 국가철도공단, 한국철도공사 / 벡스코, 메쎄프랑크푸르트코리아, 한국철도차량산업협회, 한국철도산업협회",2025-06-18,2025-06-21
572,572,국문,전시일정," 제1전시장  3B홀",2025 부산 차.공예 박람회,20250619 1000~20250622 1800,(주)메세코리아,2025-06-19,2025-06-22
573,573,국문,전시일정," 제2전시장 4E,F홀",K-일러스트레이션페어 부산 2025,20250620 1100~20250622 1800,㈜한국국제전시,2025-06-20,2025-06-22
574,574,국문,전시일정," 제2전시장 4C,D홀",K-핸드메이드페어 부산 2025,20250620 1100~20250622 1800,(주)한국국제전시,2025-06-20,2025-06-22
575,575,국문,전시일정," 제1전시장  2홀",제15회 부산커피쇼,20250625 1000~20250628 1700,"한국산업마케팅연구원,(사)한국커피연합회",2025-06-25,2025-06-28
576,576,국문,전시일정," 제1전시장  1홀",제32회 부산국제식품대전,20250625 1000~20250628 1700,한국산업마케팅연구원,2025-06-25,2025-06-28
577,577,국문,전시일정," 제1전시장  3홀",2025 부산 홈·테이블데코페어,20250626 1000~20250629 1700,"RX케이훼어스, KNN",2025-06-26,2025-06-29
578,578,국문,전시일정," 제2전시장 4(A-C)홀",제 7회 부산디자인페스티벌,20250626 1030~20250629 1900,"(주)디자인하우스, KNN, 부산디자인진흥원 / 월간&lt;디자인&gt;",2025-06-26,2025-06-29
579,579,국문,전시일정," 제2전시장 4(D-F)홀",2025 제14회 BFAA 국제아트페어,20250626 1030~20250629 1900,사단법인 부산미술협회 / BFAA부산미술협회 국제아트페어 운영위원회,2025-06-26,2025-06-29
580,580,국문,전시일정," 제2전시장 4(D-F)홀",2025 해상풍력 공급망 컨퍼런스 전시회,20250702 1000~20250703 1700,사단법인 한국풍력산업협회,2025-07-02,2025-07-03
581,581,국문,전시일정," 제1전시장  2B홀",제1회 대한민국 중소기업 박람회,20250703 1000~20250705 1800,"매일경제, 대한민국지방신문협의회 / ㈜한국전시산업원",2025-07-03,2025-07-05
582,582,국문,전시일정," 제1전시장  3홀",제39회 부산베이비페어&유아교육전,20250703 1000~20250706 1800,"(주)블루케이, (주)앤유 / (주)블루케이, (주)앤유",2025-07-03,2025-07-06
583,583,국문,전시일정," 제2전시장 4(A-C)홀",2025 PET&MORE 부산 반려동물 박람회(하),20250704 1000~20250706 1800,(주)메세코리아,2025-07-04,2025-07-06
584,584,국문,전시일정," 제2전시장 4(E-F)홀",에코델타 푸르지오 린 입주박람회,20250705 0000~20250707 0000,주식회사 엣지컴퍼니,2025-07-05,2025-07-07
585,585,국문,전시일정," 제1전시장  (1-3A)홀",2025 월드캠프 (부대행사: 부산국제청춘페스타),20250706 0000~20250709 0000,국제청소년연합,2025-07-06,2025-07-09
586,586,국문,전시일정," 제2전시장 4(D-F)홀",2025학년도 부산직업교육박람회,20250709 0900~20250710 2000,부산광역시교육청,2025-07-09,2025-07-10
587,587,국문,전시일정," 제2전시장 4홀",2025 인터내셔널 키스포츠페스티벌 부산,20250712 1000~20250713 2100,키스포츠페스티벌,2025-07-12,2025-07-13
588,588,국문,전시일정," 제1전시장 1-2홀",2025 월드스마트시티엑스포,20250715 1000~20250717 1700,"(주최) 국토교통부, 과학기술정보통신부 / (주관) 부산광역시, 한국토지주택공사, 한국수자원공사, 벡스코, 스마트도시협회",2025-07-15,2025-07-17
589,589,국문,전시일정," 제1전시장 ",K-ICT WEEK in BUSAN 2025,20250715 1000~20250717 1700,"과학기술정보통신부, 부산광역시, 부산광역시교육청/ NIPA, BIPA, BEXCO",2025-07-15,2025-07-17
590,590,국문,전시일정," 제2전시장 4(B-F)홀",2025 대입상담캠프,20250718 1000~20250719 1700,부산광역시교육청 / 부산광역시교육청학력개발원 부산진로진학지원센터,2025-07-18,2025-07-19
591,591,국문,전시일정," 제2전시장 5A홀",연산 하늘채엘센트로 입주박람회,20250719 0000~20250720 0000,오케이시스템,2025-07-19,2025-07-20
592,592,국문,전시일정," 제2전시장 4(D-E)홀",2025 K-에듀 웨이브 - 부산,20250724 1000~20250726 1700,"한국스마트에듀테크협동조합 / 한국스마트에듀테크협동조합, 경상디지털교육자연합, 한국중등교장협의회, (사)한국미래교육연합회",2025-07-24,2025-07-26
593,593,국문,전시일정," 제2전시장 4(A-C)홀",제79회 프랜차이즈창업박람회 2025,20250724 1000~20250726 1700,(주)월드전람,2025-07-24,2025-07-26
594,594,국문,전시일정," 제1전시장  2A홀",동반성장페어와 함께하는 2025 부산 브랜드 페스타,20250725 1000~20250727 1800,"부산광역시, 부산CBS, 동반성장위원회 / 벡스코, 한국문화컨텐츠협회",2025-07-25,2025-07-27
595,595,국문,전시일정," 제1전시장  3홀",2025 로컬콘텐츠페스타,20250725 1000~20250727 1800,KBC 광주방송 / KBC,2025-07-25,2025-07-27
596,596,국문,전시일정," 제2전시장 4F홀",BWB 웨딩박람회,20250725 1100~20250727 1900,부산 결혼 출산 장려협회,2025-07-25,2025-07-27
597,597,국문,전시일정,제2전시장 4(A-C)홀,2025 부산 어린이박람회,20250801 1000~20250803 1700,한국어린이문화원/동아일보/채널A,2025-08-01,2025-08-03
598,598,국문,전시일정,제2전시장 4(E-F)홀,렙타일페어,20250802 0000~20250803 0000,빅혼,2025-08-02,2025-08-03
599,599,국문,전시일정,제1전시장 1홀,2025 부산국제불교박람회,20250807 1000~20250810 1800,"불교신문, BBS부산불교방송 ",2025-08-07,2025-08-10
600,600,국문,전시일정," 제1전시장  2A홀","2025 부산네일엑스포 ",20250808 0900~20250810 1800,"한국네일협회 / (주)케이엠티인너내셔널 ",2025-08-08,2025-08-10
601,601,국문,전시일정," 제1전시장  3홀",일러스타 페스 8,20250809 1000~20250810 1700,스타라이크,2025-08-09,2025-08-10
602,602,국문,전시일정,제1전시장 3홀,2025 캠핑&레저차량 박람회 (캠페어),20250815 1000~20250817 1800,제이엠컴퍼니,2025-08-15,2025-08-17
603,603,국문,전시일정,제1전시장 2홀,2025 부산국제주류박람회,20250815 0000~20250817 0000,명진 F&F,2025-08-15,2025-08-17
604,604,국문,전시일정,제1전시장 1홀,부산인디커넥트페스티벌 2025,20250815 1000~20250817 1700,"(사)부산인디커넥트페스티벌 조직위원회(BIC 조직위원회), (재)부산정보산업진흥원, 인디라!인디게임개발자모임, (사)한국모바일게임협회",2025-08-15,2025-08-17
605,605,국문,전시일정,제2전시장 4F홀,비더블류씨 웨딩박람회,20250815 1100~20250817 1900,주식회사 비더블류씨,2025-08-15,2025-08-17
606,606,국문,전시일정," 제2전시장 4(A-B)홀",2025 북앤콘텐츠페어,20250822 1000~20250824 1800,(주)마루컨벤션,2025-08-22,2025-08-24
607,607,국문,전시일정," 제2전시장 4(C-D)홀",2025 간편식·밀키트 전시회,20250822 1000~20250824 1800,(주)마루컨벤션,2025-08-22,2025-08-24
608,608,국문,전시일정,제2전시장 5A홀,2025 일본유학박람회,20250823 1000~20250823 1600,독립행정법인 일본학생지원기구,2025-08-23,2025-08-23
609,609,국문,전시일정,제1전시장 1-3홀,2025 기후산업국제박람회,20250827 1000~20250829 1700,"산업통상자원부, IEA / 한국에너지공단",2025-08-27,2025-08-29
610,610,국문,전시일정," 제2전시장 4B~4F홀",2025 국제환경에너지산업전(19회),20250827 1000~20250829 1700,"부산광역시, 국제신문 / 벡스코, 투데이에너지, KOTRA",2025-08-27,2025-08-29
611,611,국문,전시일정,제1전시장 2홀,2025 글로벌헬스케어위크,20250904 1000~20250906 1700,"부산광역시/BEXCO, 부산테크노파크, 부산일보, KOTRA",2025-09-04,2025-09-06
612,612,국문,전시일정,제2전시장 4(C-D)홀,2025 해양수산 취업박람회,20250904 1000~20250904 1700,해양수산부 / 대한민국해군,2025-09-04,2025-09-04
613,613,국문,전시일정,제1전시장 3B홀,2025 부산캣쇼,20250905 1000~20250907 1800,KNN / (주)미래전람,2025-09-05,2025-09-07
614,614,국문,전시일정," 제1전시장  1홀",제14회 시민건강박람회(가족행복 건강아이프로젝트),20250905 1000~20250907 1800,"부산광역시, 부산일보사 / (사)부산권의료산업협의회 ",2025-09-05,2025-09-07
615,615,국문,전시일정,제1전시장 3A홀,2025 부산국제의료관광컨벤션,20250905 1000~20250906 1800,"부산광역시, 부산일보사 / (사)부산권의료산업협의회",2025-09-05,2025-09-06
616,616,국문,전시일정,제1전시장 3홀,2025 부산코리아빌드,20250911 1000~20250914 1800,(주)메쎄이상,2025-09-11,2025-09-14
617,617,국문,전시일정,제1전시장 2홀,2025 부산 인테리어디자인코리아,20250911 1000~20250914 1800,(주)메쎄이상,2025-09-11,2025-09-14
618,618,국문,전시일정," 제2전시장 4(A-E)홀",부산 코베 베이비페어&유아교육전,20250911 1000~20250914 1800,메쎄이상 / 메쎄이상,2025-09-11,2025-09-14
619,619,국문,전시일정," 제2전시장 4F홀",'W웨딩박람회 in 벡스코,20250912 1100~20250914 1900,㈜더블유웨딩,2025-09-12,2025-09-14
620,620,국문,전시일정," 제2전시장 4F홀",더블유웨딩 벡스코웨딩박람회,20250912 1100~20250914 1900,(주)더블유웨딩,2025-09-12,2025-09-14
621,621,국문,전시일정,제1전시장 3홀,2025 우수급식·외식산업전-부산,20250917 1000~20250919 1700,대한급식신문 · KNN · 메쎄E&D,2025-09-17,2025-09-19
622,622,국문,전시일정,제1전시장 2A홀,2025 부산국제건축제,20250917 1000~20250921 1800,부산광역시 / (사)부산국제건축제 조직위원회,2025-09-17,2025-09-21
623,623,국문,전시일정,제1전시장 2B홀,제28회 부산카페쇼,20250918 1000~20250921 1800,(주)블루케이,2025-09-18,2025-09-21
624,624,국문,전시일정," 제2전시장 4A홀",2025 부산한일 문화페스티벌,20250920 1200~20250920 1700,부산한일교류네트워크 / 소코소코,2025-09-20,2025-09-20
625,625,국문,전시일정,제1전시장 1홀,2025 아시아창업엑스포,20250922 1000~20250923 1800,부산광역시 / 부산기술창업투자원 · FLY ASIA 2025 운영위원회,2025-09-22,2025-09-23
626,626,국문,전시일정,제2전시장 4홀,"제1회 동물보호의날 축제-동거동락 ",20250926 1000~20250927 1700,"농림축산식품부, 부산광역시 / 농림수산식품교육문화정보원 ",2025-09-26,2025-09-27
627,627,국문,전시일정,제1전시장 3홀,제22회 부산국제음식박람회,20250926 1000~20250928 1800,부산광역시 / 한국외식업중앙회          부산광역시지회,2025-09-26,2025-09-28
628,628,국문,전시일정,제1전시장 1홀,제13회 부산 국제 의료기기 전시회(KIMES BUSAN 2025),20250926 1000~20250928 1700,한국이앤엑스/한국의료기기협동조합/한국의료기기산업협회/부산경남대표방송 KNN,2025-09-26,2025-09-28
629,629,국문,전시일정," 제1전시장  2B홀","2025년 중견기업 일자리 박람회 in 부산 ",20251001 1000~20251001 1700,"산업통상자원부 / 한국중견기업연합회, 한국장학재단, 한국산업기술진흥협회",2025-10-01,2025-10-01
630,630,국문,전시일정,제1전시장 1홀,2025 패패부산(부산국제신발섬유패션전시회),20251030 1000~20251101 1700,"부산광역시/ 부산테크노파크 신발패션진흥단(총괄), 부산섬유패션산업연합회(공동), 부산패션섬유산업사업협동조합(공동)",2025-10-30,2025-11-01
631,631,국문,전시일정,벡스코 전관,2025 국제게임전시회 지스타(G-STAR 2025),20251113 1000~20251116 1800,"한국게임산업협회 / 지스타조직위원회, 부산정보산업진흥원",2025-11-13,2025-11-16
632,632,국문,전시일정,제2전시장 4(A-D)홀,"부산일러스트레이션페어 V.6 ",20251121 1000~20251123 1800,오씨메이커스,2025-11-21,2025-11-23
633,633,국문,전시일정,"제1전시장 2홀, 3A홀",2025 코쇼(CO-SHOW),20251126 1000~20251129 1800,교육부 / 한국연구재단 / 첨단분야 혁신융합대학 사업단 협의회,2025-11-26,2025-11-29
634,634,국문,전시일정," 제1전시장  3B홀",2025 KFA 프랜차이즈 창업박람회 부산,20251127 1000~20251129 1700,한국프랜차이즈산업협회 부산울산경남지회 / 한국프랜차이즈산업협회 부산울산경남지회,2025-11-27,2025-11-29
635,635,국문,전시일정," 제2전시장 4(C-D)홀",제38회 2025 부산창업박람회,20251211 1000~20251213 1700,선인커뮤니티 주식회사,2025-12-11,2025-12-13
636,636,국문,전시일정," 제1전시장  3홀",2025 부산국제아동도서전,20251211 1000~20251214 1800,대한출판문화협회,2025-12-11,2025-12-14